timestamp_unix,flight_time_s,x,y,z,roll_deg,pitch_deg,thrust_pct,voltage_v,speed_m_s,dist_from_home_m,altitude_agl_m
1775748806.828,76.33,4524.4600,4494.1310,-154.8400,0.1000,0.1000,0.5000,6.1630,6.8419,6379.0224,-154.8400
1775748807.366,76.87,4526.9060,4496.5770,-154.8400,0.1000,0.1000,0.5000,6.1600,6.4369,6382.4806,-154.8400
1775748807.914,77.41,4529.3520,4499.0230,-154.8400,0.1000,0.1000,0.5000,6.1560,6.3061,6385.9387,-154.8400
1775748808.487,77.99,4531.7980,4501.4690,-154.8400,0.1000,0.1000,0.5000,6.1530,6.0369,6389.3968,-154.8400
1775748809.005,78.50,4534.2440,4503.9150,-154.8400,0.1000,0.1000,0.5000,6.1500,6.6768,6392.8549,-154.8400
1775748809.547,79.05,4536.6900,4506.3610,-154.8400,0.1000,0.1000,0.5000,6.1470,6.3916,6396.3131,-154.8400
1775748810.101,79.60,4539.1360,4508.8070,-154.8400,0.1000,0.1000,0.5000,6.1430,6.2345,6399.7712,-154.8400
1775748810.640,80.14,4541.5820,4511.2520,-154.8400,0.1000,0.1000,0.5000,6.1400,6.4225,6403.2286,-154.8400
1775748811.182,80.68,4544.0280,4513.6980,-154.8400,0.1000,0.1000,0.5000,6.1370,6.3749,6406.6868,-154.8400
1775748811.760,81.26,4546.4740,4516.1440,-154.8400,0.1000,0.1000,0.5000,6.1340,5.9913,6410.1449,-154.8400
1775748812.325,81.82,4548.9200,4518.5900,-154.8400,0.1000,0.1000,0.5000,6.1300,6.1170,6413.6031,-154.8400
1775748812.824,82.32,4551.3660,4521.0360,-154.8400,0.1000,0.1000,0.5000,6.1270,6.9396,6417.0612,-154.8400
1775748813.375,82.88,4553.8110,4523.4820,-154.8400,0.1000,0.1000,0.5000,6.1240,6.2692,6420.5186,-154.8400
1775748813.929,83.43,4556.2570,4525.9280,-154.8400,0.1000,0.1000,0.5000,6.1210,6.2445,6423.9768,-154.8400
1775748814.461,83.96,4558.7030,4528.3740,-154.8400,0.1000,0.1000,0.5000,6.1170,6.5077,6427.4349,-154.8400
1775748815.008,84.51,4561.1490,4530.8200,-154.8400,0.1000,0.1000,0.5000,6.1140,6.3193,6430.8931,-154.8400
1775748815.591,85.09,4563.5950,4533.2660,-154.8400,0.1000,0.1000,0.5000,6.1110,5.9422,6434.3512,-154.8400
1775748816.108,85.61,4566.0410,4535.7120,-154.8400,0.1000,0.1000,0.5000,6.1080,6.6819,6437.8093,-154.8400
1775748816.640,86.14,4568.4870,4538.1580,-154.8400,0.1000,0.1000,0.5000,6.1040,6.4999,6441.2675,-154.8400
1775748817.189,86.69,4570.9330,4540.6030,-154.8400,0.1000,0.1000,0.5000,6.1010,6.2989,6444.7249,-154.8400
1775748817.766,87.27,4573.3790,4543.0490,-154.8400,0.1000,0.1000,0.5000,6.0980,5.9952,6448.1831,-154.8400
1775748818.376,87.88,4575.8250,4545.4950,-154.8400,0.1000,0.1000,0.5000,6.0950,5.6709,6451.6412,-154.8400
1775748818.858,88.36,4578.2710,4547.9410,-154.8400,0.1000,0.1000,0.5000,6.0910,7.1849,6455.0994,-154.8400
1775748819.410,88.91,4580.7170,4550.3870,-154.8400,0.1000,0.1000,0.5000,6.0880,6.2660,6458.5575,-154.8400
1775748819.962,89.46,4583.1620,4552.8330,-154.8400,0.1000,0.1000,0.5000,6.0850,6.2629,6462.0150,-154.8400
1775748820.507,90.01,4585.6080,4555.2790,-154.8400,0.1000,0.1000,0.5000,6.0820,6.3506,6465.4731,-154.8400
1775748821.041,90.54,4588.0540,4557.7250,-154.8400,0.1000,0.1000,0.5000,6.0780,6.4809,6468.9313,-154.8400
1775748821.587,91.09,4590.5000,4560.1710,-154.8400,0.1000,0.1000,0.5000,6.0750,6.3274,6472.3895,-154.8400
1775748822.129,91.63,4592.9460,4562.6170,-154.8400,0.1000,0.1000,0.5000,6.0720,6.3846,6475.8476,-154.8400
1775748822.672,92.17,4595.3920,4565.0630,-154.8400,0.1000,0.1000,0.5000,6.0690,6.3696,6479.3058,-154.8400
1775748823.218,92.72,4597.8380,4567.5090,-154.8400,0.1000,0.1000,0.5000,6.0650,6.3331,6482.7639,-154.8400
1775748823.768,93.27,4600.2840,4569.9550,-154.8400,0.1000,0.1000,0.5000,6.0620,6.2995,6486.2221,-154.8400
1775748824.329,93.83,4602.7300,4572.4000,-154.8400,0.1000,0.1000,0.5000,6.0590,6.1632,6489.6795,-154.8400
1775748824.854,94.35,4605.1760,4574.8460,-154.8400,0.1000,0.1000,0.5000,6.0560,6.5845,6493.1377,-154.8400
1775748825.402,94.90,4607.6220,4577.2920,-154.8400,0.1000,0.1000,0.5000,6.0520,6.3142,6496.5959,-154.8400
1775748825.953,95.45,4610.0680,4579.7380,-154.8400,0.1000,0.1000,0.5000,6.0490,6.2734,6500.0540,-154.8400
1775748826.523,96.02,4612.5130,4582.1840,-154.8400,0.1000,0.1000,0.5000,6.0460,6.0659,6503.5115,-154.8400
1775748827.045,96.54,4614.9590,4584.6300,-154.8400,0.1000,0.1000,0.5000,6.0430,6.6317,6506.9697,-154.8400
1775748827.589,97.09,4617.4050,4587.0760,-154.8400,0.1000,0.1000,0.5000,6.0390,6.3568,6510.4278,-154.8400
1775748828.133,97.63,4619.8510,4589.5220,-154.8400,0.1000,0.1000,0.5000,6.0360,6.3651,6513.8860,-154.8400
1775748828.684,98.18,4622.2970,4591.9680,-154.8400,0.1000,0.1000,0.5000,6.0330,6.2756,6517.3442,-154.8400
1775748829.224,98.72,4624.7430,4594.4140,-154.8400,0.1000,0.1000,0.5000,6.0300,6.4093,6520.8023,-154.8400
1775748829.772,99.27,4627.1890,4596.8600,-154.8400,0.1000,0.1000,0.5000,6.0260,6.3105,6524.2605,-154.8400
1775748830.533,100.03,4629.6350,4599.3060,-154.8400,0.1000,0.1000,0.5000,6.0230,4.5438,6527.7187,-154.8400
1775748831.153,100.65,4632.0810,4601.7510,-154.8400,0.1000,0.1000,0.5000,6.0200,5.5803,6531.1762,-154.8400
1775748831.707,101.21,4634.5270,4604.1970,-154.8400,0.1000,0.1000,0.5000,6.0170,6.2428,6534.6343,-154.8400
1775748832.248,101.75,4636.9730,4606.6430,-154.8400,0.1000,0.1000,0.5000,6.0130,6.3876,6538.0925,-154.8400
1775748832.792,102.29,4639.4190,4609.0890,-154.8400,0.1000,0.1000,0.5000,6.0100,6.3657,6541.5507,-154.8400
1775748833.333,102.83,4641.8650,4611.5350,-154.8400,0.1000,0.1000,0.5000,6.0070,6.3866,6545.0089,-154.8400
1775748833.887,103.39,4644.3100,4613.9810,-154.8400,0.1000,0.1000,0.5000,6.0040,6.2463,6548.4663,-154.8400
1775748834.422,103.92,4646.7560,4616.4270,-154.8400,0.1000,0.1000,0.5000,6.0000,6.4727,6551.9245,-154.8400
1775748834.966,104.47,4649.2020,4618.8730,-154.8400,0.1000,0.1000,0.5000,5.9970,6.3530,6555.3827,-154.8400
1775748835.522,105.02,4651.6480,4621.3190,-154.8400,0.1000,0.1000,0.5000,5.9940,6.2181,6558.8409,-154.8400
1775748836.067,105.57,4654.0940,4623.7650,-154.8400,0.1000,0.1000,0.5000,5.9910,6.3558,6562.2991,-154.8400
1775748836.615,106.11,4656.5400,4626.2110,-154.8400,0.1000,0.1000,0.5000,5.9870,6.3029,6565.7573,-154.8400
1775748837.143,106.64,4658.9860,4628.6570,-154.8400,0.1000,0.1000,0.5000,5.9840,6.5618,6569.2154,-154.8400
1775748837.683,107.18,4661.4320,4631.1020,-154.8400,0.1000,0.1000,0.5000,5.9810,6.4031,6572.6729,-154.8400
1775748838.241,107.74,4663.8780,4633.5480,-154.8400,0.1000,0.1000,0.5000,5.9780,6.2010,6576.1311,-154.8400
1775748838.783,108.28,4666.3240,4635.9940,-154.8400,0.1000,0.1000,0.5000,5.9740,6.3798,6579.5893,-154.8400
1775748839.430,108.93,4668.7700,4638.4400,-154.8400,0.1000,0.1000,0.5000,5.9710,5.3463,6583.0475,-154.8400
1775748839.869,109.37,4671.2160,4640.8860,-154.8400,0.1000,0.1000,0.5000,5.9680,7.8781,6586.5057,-154.8400
1775748840.418,109.92,4673.6610,4643.3320,-154.8400,0.1000,0.1000,0.5000,5.9650,6.2964,6589.9632,-154.8400
1775748840.954,110.45,4676.1070,4645.7780,-154.8400,0.1000,0.1000,0.5000,5.9610,6.4567,6593.4214,-154.8400
1775748841.498,111.00,4678.5530,4648.2240,-154.8400,0.1000,0.1000,0.5000,5.9580,6.3559,6596.8796,-154.8400
1775748842.051,111.55,4680.9990,4650.6700,-154.8400,0.1000,0.1000,0.5000,5.9550,6.2605,6600.3378,-154.8400
1775748842.586,112.09,4683.4450,4653.1160,-154.8280,0.1000,0.1000,0.5200,5.9510,6.4584,6603.7957,-154.8280
1775748843.141,112.64,4685.8910,4655.5620,-154.7350,0.1000,0.1000,0.5200,5.9480,6.2416,6607.2517,-154.7350
1775748843.696,113.20,4688.3370,4658.0080,-154.5560,0.1000,0.1000,0.5200,5.9450,6.2335,6610.7057,-154.5560
1775748844.227,113.73,4690.7830,4660.4540,-154.3000,0.1000,0.1000,0.5200,5.9410,6.5310,6614.1579,-154.3000
1775748844.775,114.28,4693.2290,4662.8990,-153.9740,0.1000,0.1000,0.5200,5.9380,6.3390,6617.6078,-153.9740
1775748845.320,114.82,4695.6750,4665.3450,-153.5860,0.1000,0.1000,0.5200,5.9350,6.3906,6621.0570,-153.5860
1775748845.862,115.36,4698.1210,4667.7910,-153.1410,0.1000,0.1000,0.5200,5.9310,6.4343,6624.5050,-153.1410
1775748846.420,115.92,4700.5670,4670.2370,-152.6440,0.1000,0.1000,0.5200,5.9280,6.2647,6627.9517,-152.6440
1775748846.988,116.49,4703.0120,4672.6830,-152.1010,0.1000,0.1000,0.5200,5.9240,6.1614,6631.3968,-152.1010
1775748847.499,117.00,4705.4580,4675.1290,-151.5160,0.1000,0.1000,0.5200,5.9210,6.8705,6634.8416,-151.5160
1775748848.048,117.55,4707.9040,4677.5750,-150.8930,0.1000,0.1000,0.5200,5.9180,6.4051,6638.2857,-150.8930
1775748848.640,118.14,4710.3500,4680.0210,-150.2360,0.1000,0.1000,0.5200,5.9140,5.9454,6641.7290,-150.2360
1775748849.141,118.64,4712.7960,4682.4670,-149.5470,0.1000,0.1000,0.5200,5.9110,7.0311,6645.1718,-149.5470
1775748849.685,119.18,4715.2420,4684.9130,-148.8310,0.1000,0.1000,0.5200,5.9080,6.5033,6648.6140,-148.8310
1775748850.226,119.73,4717.6880,4687.3590,-148.0900,0.1000,0.1000,0.5200,5.9040,6.5309,6652.0557,-148.0900
1775748850.805,120.30,4720.1340,4689.8050,-147.3250,0.1000,0.1000,0.5200,5.9010,6.1260,6655.4970,-147.3250
1775748851.362,120.86,4722.5800,4692.2500,-146.5400,0.1000,0.1000,0.5200,5.8970,6.3612,6658.9373,-146.5400
1775748851.863,121.36,4725.0260,4694.6960,-145.7360,0.1000,0.1000,0.5200,5.8940,7.0839,6662.3780,-145.7360
1775748852.407,121.91,4727.4720,4697.1420,-144.9150,0.1000,0.1000,0.5200,5.8910,6.5388,6665.8184,-144.9150
1775748852.969,122.47,4729.9180,4699.5880,-144.0790,0.1000,0.1000,0.5200,5.8870,6.3364,6669.2586,-144.0790
1775748853.521,123.02,4732.3640,4702.0340,-143.2290,0.1000,0.1000,0.5200,5.8840,6.4565,6672.6987,-143.2290
1775748854.043,123.54,4734.8090,4704.4800,-142.3660,0.1000,0.1000,0.5200,5.8810,6.8205,6676.1378,-142.3660
1775748854.589,124.09,4737.2550,4706.9260,-141.4930,0.1000,0.1000,0.5200,5.8770,6.5307,6679.5776,-141.4930
1775748855.132,124.63,4739.7010,4709.3720,-140.6090,0.1000,0.1000,0.5200,5.8740,6.5780,6683.0174,-140.6090
1775748855.785,125.28,4742.1470,4711.8180,-139.7150,0.1000,0.1000,0.5200,5.8700,5.4709,6686.4570,-139.7150
1775748856.211,125.71,4744.5930,4714.2640,-138.8140,0.1000,0.1000,0.5200,5.8670,8.4033,6689.8966,-138.8140
1775748856.760,126.26,4747.0390,4716.7100,-137.9050,0.1000,0.1000,0.5200,5.8640,6.5133,6693.3363,-137.9050
1775748857.299,126.80,4749.4850,4719.1560,-136.9890,0.1000,0.1000,0.5200,5.8600,6.6356,6696.7759,-136.9890
1775748857.845,127.34,4751.9310,4721.6010,-136.0670,0.1000,0.1000,0.5200,5.8570,6.5610,6700.2148,-136.0670
1775748858.423,127.92,4754.3770,4724.0470,-135.1390,0.1000,0.1000,0.5200,5.8530,6.1913,6703.6545,-135.1390
1775748858.936,128.44,4756.8230,4726.4930,-134.2070,0.1000,0.1000,0.5200,5.8500,6.9795,6707.0942,-134.2070
1775748859.477,128.98,4759.2690,4728.9390,-133.2690,0.1000,0.1000,0.5200,5.8470,6.6348,6710.5340,-133.2690
1775748860.067,129.57,4761.7150,4731.3850,-132.3280,0.1000,0.1000,0.5200,5.8430,6.0674,6713.9738,-132.3280
1775748860.576,130.08,4764.1600,4733.8310,-131.3830,0.1000,0.1000,0.5200,5.8400,7.0473,6717.4130,-131.3830
1775748861.111,130.61,4766.6060,4736.2770,-130.4350,0.1000,0.1000,0.5200,5.8370,6.7054,6720.8531,-130.4350
1775748861.659,131.16,4769.0520,4738.7230,-129.4830,0.1000,0.1000,0.5200,5.8330,6.5514,6724.2932,-129.4830
1775748862.208,131.71,4771.4980,4741.1690,-128.5290,0.1000,0.1000,0.5200,5.8300,6.5309,6727.7334,-128.5290
1775748862.765,132.26,4773.9440,4743.6150,-127.5720,0.1000,0.1000,0.5200,5.8260,6.4484,6731.1737,-127.5720
1775748863.305,132.80,4776.3900,4746.0610,-126.6130,0.1000,0.1000,0.5200,5.8230,6.6484,6734.6141,-126.6130
1775748863.838,133.34,4778.8360,4748.5070,-125.6530,0.1000,0.1000,0.5200,5.8200,6.7334,6738.0547,-125.6530
1775748864.378,133.88,4781.2820,4750.9520,-124.6900,0.1000,0.1000,0.5200,5.8160,6.6504,6741.4946,-124.6900
1775748864.962,134.46,4783.7280,4753.3980,-123.7250,0.1000,0.1000,0.5200,5.8130,6.1400,6744.9354,-123.7250
1775748865.525,135.02,4786.1740,4755.8440,-122.7590,0.1000,0.1000,0.5200,5.8100,6.3833,6748.3764,-122.7590
1775748866.010,135.51,4788.6200,4758.2900,-121.7920,0.1000,0.1000,0.5200,5.8060,7.4016,6751.8174,-121.7920
1775748866.557,136.06,4791.0660,4760.7360,-120.8240,0.1000,0.1000,0.5200,5.8030,6.5769,6755.2586,-120.8240
1775748867.103,136.60,4793.5110,4763.1820,-119.8540,0.1000,0.1000,0.5200,5.7990,6.5772,6758.6992,-119.8540
1775748867.647,137.15,4795.9570,4765.6280,-118.8840,0.1000,0.1000,0.5200,5.7960,6.5977,6762.1407,-118.8840
1775748868.200,137.70,4798.4030,4768.0740,-117.9120,0.1000,0.1000,0.5200,5.7930,6.5014,6765.5823,-117.9120
1775748868.743,138.24,4800.8490,4770.5200,-116.9400,0.1000,0.1000,0.5200,5.7890,6.6172,6769.0241,-116.9400
1775748869.279,138.78,4803.2950,4772.9660,-115.9670,0.1000,0.1000,0.5200,5.7860,6.7048,6772.4660,-115.9670
1775748869.869,139.37,4805.7410,4775.4120,-114.9930,0.1000,0.1000,0.5200,5.7820,6.0935,6775.9080,-114.9930
1775748870.475,139.97,4808.1870,4777.8580,-114.0190,0.1000,0.1000,0.5200,5.7790,5.9252,6779.3502,-114.0190
1775748870.911,140.41,4810.6330,4780.3040,-113.0440,0.1000,0.1000,0.5200,5.7760,8.2387,6782.7926,-113.0440
1775748871.459,140.96,4813.0790,4782.7490,-112.0680,0.1000,0.1000,0.5200,5.7720,6.5652,6786.2344,-112.0680
1775748872.003,141.50,4815.5250,4785.1950,-111.0930,0.1000,0.1000,0.5200,5.7690,6.6075,6789.6770,-111.0930
1775748872.551,142.05,4817.9710,4787.6410,-110.1160,0.1000,0.1000,0.5200,5.7660,6.5573,6793.1198,-110.1160
1775748873.130,142.63,4820.4170,4790.0870,-109.1400,0.1000,0.1000,0.5200,5.7620,6.2068,6796.5627,-109.1400
1775748873.709,143.21,4822.8630,4792.5330,-108.1630,0.1000,0.1000,0.5200,5.7590,6.2115,6800.0058,-108.1630
1775748874.223,143.72,4825.3080,4794.9790,-107.1860,0.1000,0.1000,0.5200,5.7550,6.9906,6803.4484,-107.1860
1775748874.736,144.24,4827.7540,4797.4250,-106.2080,0.1000,0.1000,0.5200,5.7520,7.0074,6806.8918,-106.2080
1775748875.287,144.79,4830.2000,4799.8710,-105.2300,0.1000,0.1000,0.5200,5.7490,6.5150,6810.3353,-105.2300
1775748875.827,145.33,4832.6460,4802.3170,-104.2530,0.1000,0.1000,0.5200,5.7450,6.6662,6813.7790,-104.2530
1775748876.371,145.87,4835.0920,4804.7630,-103.2740,0.1000,0.1000,0.5200,5.7420,6.6013,6817.2229,-103.2740
1775748876.921,146.42,4837.5380,4807.2090,-102.2960,0.1000,0.1000,0.5200,5.7390,6.5396,6820.6669,-102.2960
1775748877.505,147.00,4839.9840,4809.6550,-101.3180,0.1000,0.1000,0.5200,5.7350,6.1528,6824.1111,-101.3180
1775748878.028,147.53,4842.4300,4812.1000,-100.3390,0.1000,0.1000,0.5200,5.7320,6.8802,6827.5547,-100.3390
1775748878.579,148.08,4844.8760,4814.5460,-99.3600,0.1000,0.1000,0.5200,5.7280,6.5149,6830.9991,-99.3600
1775748879.086,148.59,4847.3220,4816.9920,-98.3810,0.1000,0.1000,0.5200,5.7250,7.0997,6834.4437,-98.3810
1775748879.636,149.14,4849.5760,4819.4380,-97.4020,-0.1000,0.1000,0.5200,5.7220,6.3042,6837.7523,-97.4020
1775748880.180,149.68,4851.3780,4821.8840,-96.4230,-0.1000,0.1000,0.5200,5.7180,5.8681,6840.7405,-96.4230
1775748880.722,150.22,4852.7730,4824.3300,-95.4440,-0.1000,0.1000,0.5200,5.7150,5.4925,6843.4403,-95.4440
1775748881.266,150.77,4853.7980,4826.7760,-94.4650,-0.1000,0.1000,0.5200,5.7120,5.1998,6845.8780,-94.4650
1775748881.848,151.35,4854.4900,4829.2220,-93.4860,-0.1000,0.1000,0.5200,5.7080,4.6827,6848.0799,-93.4860
1775748882.367,151.87,4854.8800,4831.6680,-92.5060,-0.1000,0.1000,0.5200,5.7050,5.1357,6850.0681,-92.5060
1775748882.904,152.40,4854.9980,4834.1140,-91.5270,-0.1000,0.1000,0.5200,5.7010,4.9072,6851.8640,-91.5270
1775748883.451,152.95,4854.8700,4836.5600,-90.5470,-0.1000,0.1000,0.5200,5.6980,4.8181,6853.4863,-90.5470
1775748883.993,153.49,4854.5190,4839.0060,-89.5680,-0.1000,0.1000,0.5200,5.6950,4.9097,6854.9512,-89.5680
1775748884.687,154.19,4853.9660,4841.4510,-88.5880,-0.1000,0.1000,0.5200,5.6910,3.8757,6856.2732,-88.5880
1775748885.106,154.61,4853.2320,4843.8970,-87.6090,-0.1000,0.1000,0.5200,5.6880,6.5397,6857.4685,-87.6090
1775748885.628,155.13,4852.3330,4846.3430,-86.6290,-0.1000,0.1000,0.5200,5.6840,5.3272,6858.5480,-86.6290
1775748886.177,155.68,4851.2860,4848.7890,-85.6490,-0.1000,0.1000,0.5200,5.6810,5.1638,6859.5238,-85.6490
1775748886.731,156.23,4850.1040,4851.2350,-84.6690,-0.1000,0.1000,0.5200,5.6780,5.2156,6860.4051,-84.6690
1775748887.275,156.77,4848.8010,4853.6810,-83.6900,-0.1000,0.1000,0.5200,5.6740,5.4011,6861.2021,-83.6900
1775748887.813,157.31,4847.3880,4856.1270,-82.7100,-0.1000,0.1000,0.5200,5.6710,5.5609,6861.9225,-82.7100
1775748888.358,157.86,4845.8760,4858.5730,-81.7300,-0.1000,0.1000,0.5200,5.6680,5.5728,6862.5743,-81.7300
1775748888.907,158.41,4844.2740,4861.0190,-80.7500,-0.1000,0.1000,0.5200,5.6640,5.6187,6863.1638,-80.7500
1775748889.458,158.96,4842.5910,4863.4650,-79.7700,-0.1000,0.1000,0.5200,5.6610,5.6685,6863.6974,-79.7700
1775748890.051,159.55,4840.8340,4865.9110,-78.7910,-0.1000,0.1000,0.5200,5.6570,5.3452,6864.1803,-78.7910
1775748890.548,160.05,4839.0120,4868.3570,-77.8110,-0.1000,0.1000,0.5200,5.6540,6.4451,6864.6188,-77.8110
1775748891.097,160.60,4837.1290,4870.8030,-76.8310,-0.1000,0.1000,0.5200,5.6510,5.8953,6865.0158,-76.8310
1775748891.644,161.14,4835.1920,4873.2480,-75.8510,-0.1000,0.1000,0.5200,5.6470,5.9809,6865.3755,-75.8510
1775748892.190,161.69,4833.2070,4875.6940,-74.8710,-0.1000,0.1000,0.5200,5.6440,6.0433,6865.7037,-74.8710
1775748892.834,162.33,4831.1770,4878.1400,-73.8910,-0.1000,0.1000,0.5200,5.6410,5.1667,6866.0018,-73.8910
1775748893.285,162.78,4829.1070,4880.5860,-72.9110,-0.1000,0.1000,0.5200,5.6370,7.4175,6866.2734,-72.9110
1775748893.838,163.34,4827.0010,4883.0320,-71.9310,-0.1000,0.1000,0.5200,5.6340,6.1018,6866.5213,-71.9310
1775748894.377,163.88,4824.8630,4885.4780,-70.9510,-0.1000,0.1000,0.5200,5.6300,6.2988,6866.7483,-70.9510
1775748894.929,164.43,4822.6950,4887.9240,-69.9710,-0.1000,0.1000,0.5200,5.6270,6.1842,6866.9560,-69.9710
1775748895.488,164.99,4820.5000,4890.3700,-68.9910,-0.1000,0.1000,0.5200,5.6240,6.1342,6867.1463,-68.9910
1775748896.015,165.51,4818.2810,4892.8160,-68.0120,-0.1000,0.1000,0.5200,5.6200,6.5388,6867.3216,-68.0120
1775748896.562,166.06,4816.0400,4895.2620,-67.0320,-0.1000,0.1000,0.5200,5.6170,6.3145,6867.4831,-67.0320
1775748897.106,166.61,4813.7800,4897.7080,-66.0520,-0.1000,0.1000,0.5200,5.6130,6.3839,6867.6331,-66.0520
1775748897.652,167.15,4811.5020,4900.1540,-65.0720,-0.1000,0.1000,0.5200,5.6100,6.3764,6867.7722,-65.0720
1775748898.212,167.71,4809.2070,4902.5990,-64.0920,-0.1000,0.1000,0.5200,5.6070,6.2380,6867.9005,-64.0920
1775748898.801,168.30,4806.8980,4905.0450,-63.1120,-0.1000,0.1000,0.5200,5.6030,5.9563,6868.0214,-63.1120
1775748899.294,168.79,4804.5760,4907.4910,-62.1320,-0.1000,0.1000,0.5200,5.6000,7.1176,6868.1350,-62.1320
1775748899.841,169.34,4802.2420,4909.9370,-61.1520,-0.1000,0.1000,0.5200,5.5970,6.4385,6868.2421,-61.1520
1775748900.379,169.88,4799.8970,4912.3830,-60.1720,-0.1000,0.1000,0.5200,5.5930,6.5592,6868.3432,-60.1720
1775748900.935,170.43,4797.5430,4914.8290,-59.1920,-0.1000,0.1000,0.5200,5.5900,6.3553,6868.4399,-59.1920
1775748901.505,171.00,4795.1800,4917.2750,-58.2120,-0.1000,0.1000,0.5200,5.5860,6.2002,6868.5321,-58.2120
1775748902.012,171.51,4792.8080,4919.7210,-57.2320,-0.1000,0.1000,0.5200,5.5830,6.9994,6868.6199,-57.2320
1775748902.562,172.06,4790.4300,4922.1670,-56.2520,-0.1000,0.1000,0.5200,5.5800,6.4512,6868.7053,-56.2520
1775748903.100,172.60,4788.0450,4924.6130,-55.2720,-0.1000,0.1000,0.5200,5.5760,6.6022,6868.7876,-55.2720
1775748903.680,173.18,4785.6550,4927.0590,-54.2920,-0.1000,0.1000,0.5200,5.5730,6.1388,6868.8683,-54.2920
1775748904.227,173.73,4783.2580,4929.5050,-53.3120,-0.1000,0.1000,0.5200,5.5700,6.5175,6868.9460,-53.3120
1775748904.737,174.24,4780.8580,4931.9500,-52.3320,-0.1000,0.1000,0.5200,5.5660,6.9771,6869.0227,-52.3320
1775748905.285,174.78,4778.4530,4934.3960,-51.3520,-0.1000,0.1000,0.5200,5.5630,6.5186,6869.0985,-51.3520
1775748905.831,175.33,4776.0430,4936.8420,-50.3720,-0.1000,0.1000,0.5200,5.5590,6.5402,6869.1727,-50.3720
1775748906.369,175.87,4773.6310,4939.2880,-49.3920,-0.1000,0.1000,0.5200,5.5560,6.6344,6869.2473,-49.3920
1775748906.921,176.42,4771.2150,4941.7340,-48.4120,-0.1000,0.1000,0.5200,5.5530,6.4714,6869.3210,-48.4120
1775748907.495,176.99,4768.7960,4944.1800,-47.4320,-0.1000,0.1000,0.5200,5.5490,6.2394,6869.3945,-47.4320
1775748908.007,177.51,4766.3750,4946.6260,-46.4520,-0.1000,0.1000,0.5200,5.5460,6.9796,6869.4685,-46.4520
1775748908.548,178.05,4763.9510,4949.0720,-45.4720,-0.1000,0.1000,0.5200,5.5430,6.6197,6869.5422,-45.4720
1775748909.088,178.59,4761.5250,4951.5180,-44.4920,-0.1000,0.1000,0.5200,5.5390,6.6410,6869.6165,-44.4920
1775748909.667,179.17,4759.0980,4953.9640,-43.5120,-0.1000,0.1000,0.5200,5.5360,6.1834,6869.6919,-43.5120
1775748910.193,179.69,4756.6680,4956.4100,-42.5320,-0.1000,0.1000,0.5200,5.5320,6.8101,6869.7671,-42.5320
1775748910.725,180.22,4754.2370,4958.8560,-41.5520,-0.1000,0.1000,0.5200,5.5290,6.7425,6869.8434,-41.5520
1775748911.271,180.77,4751.8050,4961.3020,-40.5720,-0.1000,0.1000,0.5200,5.5260,6.5699,6869.9210,-40.5720
1775748911.820,181.32,4749.3710,4963.7470,-39.5920,-0.1000,0.1000,0.5200,5.5220,6.5337,6869.9983,-39.5920
1775748912.400,181.90,4746.9360,4966.1930,-38.6120,-0.1000,0.1000,0.5200,5.5190,6.1834,6870.0775,-38.6120
1775748913.063,182.56,4744.5000,4968.6390,-37.6320,-0.1000,0.1000,0.5200,5.5150,5.4145,6870.1579,-37.6320
1775748913.520,183.02,4742.0630,4971.0850,-36.6520,-0.1000,0.1000,0.5200,5.5120,7.8474,6870.2395,-36.6520
1775748914.008,183.51,4739.6250,4973.5310,-35.6720,-0.1000,0.1000,0.5200,5.5090,7.3533,6870.3223,-35.6720
1775748914.547,184.05,4737.1860,4975.9770,-34.6920,-0.1000,0.1000,0.5200,5.5050,6.6685,6870.4062,-34.6920
1775748915.100,184.60,4734.7470,4978.4230,-33.7120,-0.1000,0.1000,0.5200,5.5020,6.4891,6870.4921,-33.7120
1775748915.645,185.14,4732.3070,4980.8690,-32.7320,-0.1000,0.1000,0.5200,5.4990,6.5926,6870.5791,-32.7320
1775748916.182,185.68,4729.8670,4983.3150,-31.7520,-0.1000,0.1000,0.5200,5.4950,6.6819,6870.6680,-31.7520
1775748916.750,186.25,4727.4260,4985.7610,-30.7720,-0.1000,0.1000,0.5200,5.4920,6.3302,6870.7581,-30.7720
1775748917.269,186.77,4724.9840,4988.2070,-29.7920,-0.1000,0.1000,0.5200,5.4880,6.9130,6870.8493,-29.7920
1775748917.817,187.32,4722.5420,4990.6530,-28.8120,-0.1000,0.1000,0.5200,5.4850,6.5612,6870.9425,-28.8120
1775748918.359,187.86,4720.1000,4993.0980,-27.8320,-0.1000,0.1000,0.5200,5.4820,6.6294,6871.0368,-27.8320
1775748918.903,188.40,4717.6570,4995.5440,-26.8520,-0.1000,0.1000,0.5200,5.4780,6.6003,6871.1330,-26.8520
1775748919.462,188.96,4715.2140,4997.9900,-25.8720,-0.1000,0.1000,0.5200,5.4750,6.4281,6871.2311,-25.8720
1775748920.033,189.53,4712.7710,5000.4360,-24.8920,-0.1000,0.1000,0.5200,5.4720,6.2955,6871.3310,-24.8920
1775748920.529,190.03,4710.3280,5002.8820,-23.9120,-0.1000,0.1000,0.5200,5.4680,7.2424,6871.4329,-23.9120
1775748921.066,190.57,4707.8840,5005.3280,-22.9320,-0.1000,0.1000,0.5200,5.4650,6.6917,6871.5359,-22.9320
1775748921.610,191.11,4705.4400,5007.7740,-21.9520,-0.1000,0.1000,0.5200,5.4610,6.6043,6871.6408,-21.9520
1775748922.198,191.70,4702.9960,5010.2200,-20.9720,-0.1000,0.1000,0.5200,5.4580,6.1200,6871.7476,-20.9720
1775748922.712,192.21,4700.5510,5012.6660,-19.9920,-0.1000,0.1000,0.5200,5.4550,6.9816,6871.8556,-19.9920
1775748923.268,192.77,4698.1070,5015.1120,-19.0120,-0.1000,0.1000,0.5200,5.4510,6.4726,6871.9662,-19.0120
1775748923.794,193.29,4695.6620,5017.5580,-18.0320,-0.1000,0.1000,0.5200,5.4480,6.8314,6872.0779,-18.0320
1775748924.338,193.84,4693.2180,5020.0040,-17.0520,-0.1000,0.1000,0.5200,5.4440,6.6092,6872.1922,-17.0520
1775748924.885,194.38,4690.7730,5022.4490,-16.0720,-0.1000,0.1000,0.5200,5.4410,6.5647,6872.3070,-16.0720
1775748925.453,194.95,4688.3280,5024.8950,-15.0920,-0.1000,0.1000,0.5200,5.4380,6.3347,6872.4244,-15.0920
1775748926.021,195.52,4685.8830,5027.3410,-14.1120,-0.1000,0.1000,0.5200,5.4340,6.3230,6872.5436,-14.1120
1775748926.508,196.01,4683.4380,5029.7870,-13.1320,-0.1000,0.1000,0.5200,5.4310,7.3749,6872.6648,-13.1320
1775748927.058,196.56,4680.9920,5032.2330,-12.1520,-0.1000,0.1000,0.5200,5.4280,6.5462,6872.7871,-12.1520
1775748927.608,197.11,4678.5470,5034.6790,-11.1720,-0.1000,0.1000,0.5200,5.4240,6.5378,6872.9120,-11.1720
1775748928.147,197.65,4676.1020,5037.1250,-10.1920,-0.1000,0.1000,0.5200,5.4210,6.6642,6873.0388,-10.1920
1775748928.694,198.19,4673.6560,5039.5710,-9.2120,-0.1000,0.1000,0.5200,5.4170,6.5683,6873.1667,-9.2120
1775748929.273,198.77,4671.2110,5042.0170,-8.2320,-0.1000,0.1000,0.5200,5.4140,6.2136,6873.2973,-8.2320
1775748929.786,199.29,4668.7660,5044.4630,-7.2520,-0.1000,0.1000,0.5200,5.4110,7.0079,6873.4297,-7.2520
1775748930.325,199.82,4666.3200,5046.9090,-6.2720,-0.1000,0.1000,0.5200,5.4070,6.6651,6873.5633,-6.2720
1775748930.870,200.37,4663.8740,5049.3550,-5.2920,-0.1000,0.1000,0.5200,5.4040,6.5985,6873.6988,-5.2920
1775748931.412,200.91,4661.4290,5051.8000,-4.3120,-0.1000,0.1000,0.5200,5.4010,6.6339,6873.8361,-4.3120
1775748931.986,201.49,4658.9830,5054.2460,-3.3320,-0.1000,0.1000,0.5200,5.3970,6.2605,6873.9753,-3.3320
1775748932.543,202.04,4656.5380,5056.6920,-2.3520,-0.1000,0.1000,0.5200,5.3940,6.4574,6874.1171,-2.3520
1775748933.047,202.55,4654.0920,5059.1380,-1.3720,-0.1000,0.1000,0.5200,5.3900,7.1275,6874.2601,-1.3720
1775748933.593,203.09,4651.6460,5061.5840,-0.3920,-0.1000,0.1000,0.5200,5.3870,6.5845,6874.4049,-0.3920
1775748934.139,203.64,4649.2000,5064.0300,0.5880,-0.1000,0.1000,0.5200,5.3840,6.5832,6874.5517,0.5880
1775748934.684,204.18,4646.7550,5066.4760,1.5680,-0.1000,0.1000,0.5200,5.3800,6.5963,6874.7010,1.5680
1775748935.240,204.74,4644.3090,5068.9220,2.5480,-0.1000,0.1000,0.5200,5.3770,6.4694,6874.8515,2.5480
1775748935.880,205.38,4641.8630,5071.3680,3.5280,-0.1000,0.1000,0.5200,5.3740,5.6213,6875.0039,3.5280
1775748936.320,205.82,4639.4170,5073.8140,4.5080,-0.1000,0.1000,0.5200,5.3700,8.1690,6875.1581,4.5080
1775748936.862,206.36,4636.9720,5076.2600,5.4880,-0.1000,0.1000,0.5200,5.3670,6.6232,6875.3149,5.4880
1775748937.404,206.90,4634.5260,5078.7060,6.4680,-0.1000,0.1000,0.5200,5.3630,6.6361,6875.4729,6.4680
1775748937.962,207.46,4632.0800,5081.1520,7.4480,-0.1000,0.1000,0.5200,5.3600,6.4481,6875.6328,7.4480
1775748938.497,208.00,4629.6340,5083.5970,8.4280,-0.1000,0.1000,0.5200,5.3570,6.7211,6875.7938,8.4280
1775748939.078,208.58,4627.1880,5086.0430,9.4080,-0.1000,0.1000,0.5200,5.3530,6.1878,6875.9574,9.4080
1775748939.591,209.09,4624.7420,5088.4890,10.3880,-0.1000,0.1000,0.5200,5.3500,7.0024,6876.1229,10.3880
1775748940.129,209.63,4622.2970,5090.9350,11.3680,-0.1000,0.1000,0.5200,5.3460,6.6776,6876.2910,11.3680
1775748940.676,210.18,4619.8510,5093.3810,12.3480,-0.1000,0.1000,0.5200,5.3430,6.5771,6876.4603,12.3480
1775748941.266,210.77,4617.4050,5095.8270,13.3280,-0.1000,0.1000,0.5200,5.3400,6.0934,6876.6314,13.3280
1775748941.773,211.27,4614.9590,5098.2730,14.3080,-0.1000,0.1000,0.5200,5.3360,7.0975,6876.8044,14.3080
1775748942.313,211.81,4612.5130,5100.7190,15.2880,-0.1000,0.1000,0.5200,5.3330,6.6526,6876.9793,15.2880
1775748942.860,212.36,4610.0670,5103.1650,16.2680,-0.1000,0.1000,0.5200,5.3300,6.5722,6877.1561,16.2680
1775748943.418,212.92,4607.6210,5105.6110,17.2480,-0.1000,0.1000,0.5200,5.3260,6.4434,6877.3347,17.2480
1775748943.957,213.46,4605.1750,5108.0570,18.2280,-0.1000,0.1000,0.5200,5.3230,6.6774,6877.5152,18.2280
1775748944.508,214.01,4602.7300,5110.5030,19.2080,-0.1000,0.1000,0.5200,5.3190,6.5210,6877.6983,19.2080
1775748945.052,214.55,4600.2840,5112.9480,20.1880,-0.1000,0.1000,0.5200,5.3160,6.6106,6877.8818,20.1880
1775748945.590,215.09,4597.8380,5115.3940,21.1680,-0.1000,0.1000,0.5200,5.3130,6.6767,6878.0679,21.1680
1775748946.134,215.63,4595.3920,5117.8400,22.1480,-0.1000,0.1000,0.5200,5.3090,6.6147,6878.2559,22.1480
1775748946.679,216.18,4592.9460,5120.2860,23.1280,-0.1000,0.1000,0.5200,5.3060,6.5860,6878.4458,23.1280
1775748947.223,216.72,4590.5000,5122.7320,24.1080,-0.1000,0.1000,0.5200,5.3030,6.6198,6878.6376,24.1080
1775748947.783,217.28,4588.0540,5125.1780,25.0880,-0.1000,0.1000,0.5200,5.2990,6.4107,6878.8312,25.0880
1775748948.343,217.84,4585.6080,5127.6240,26.0680,-0.1000,0.1000,0.5200,5.2960,6.4247,6879.0267,26.0680
1775748948.950,218.45,4583.1620,5130.0700,27.0480,-0.1000,0.1000,0.5200,5.2920,5.9208,6879.2241,27.0480
1775748949.404,218.90,4580.7160,5132.5160,28.0280,-0.1000,0.1000,0.5200,5.2890,7.9173,6879.4233,28.0280
1775748949.951,219.45,4578.2710,5134.9620,29.0080,-0.1000,0.1000,0.5200,5.2860,6.5790,6879.6251,29.0080
1775748950.488,219.99,4575.8250,5137.4080,29.9880,-0.1000,0.1000,0.5200,5.2820,6.6963,6879.8281,29.9880
1775748951.037,220.54,4573.3790,5139.8540,30.9680,-0.1000,0.1000,0.5200,5.2790,6.5438,6880.0330,30.9680
1775748951.623,221.12,4570.9330,5142.2990,31.9480,-0.1000,0.1000,0.5200,5.2750,6.1304,6880.2390,31.9480
1775748952.274,221.77,4568.4870,5144.7450,32.9280,-0.1000,0.1000,0.5200,5.2720,5.5296,6880.4476,32.9280
1775748952.670,222.17,4566.0410,5147.1910,33.9080,-0.1000,0.1000,0.5200,5.2690,9.0698,6880.6581,33.9080
1775748953.221,222.72,4563.5950,5149.6370,34.8880,-0.1000,0.1000,0.5200,5.2650,6.5254,6880.8704,34.8880
1775748953.762,223.26,4561.1490,5152.0830,35.8680,-0.1000,0.1000,0.5200,5.2620,6.6494,6881.0846,35.8680
1775748954.313,223.81,4558.7030,5154.5290,36.8480,-0.1000,0.1000,0.5200,5.2590,6.5214,6881.3008,36.8480
1775748954.906,224.41,4556.2570,5156.9750,37.8280,-0.1000,0.1000,0.5200,5.2550,6.0584,6881.5187,37.8280
1775748955.401,224.90,4553.8110,5159.4210,38.8080,-0.1000,0.1000,0.5200,5.2520,7.2744,6881.7386,38.8080
1775748955.940,225.44,4551.3650,5161.8670,39.7880,-0.1000,0.1000,0.5200,5.2480,6.6660,6881.9603,39.7880
1775748956.487,225.99,4548.9200,5164.3130,40.7680,-0.1000,0.1000,0.5200,5.2450,6.5674,6882.1845,40.7680
1775748957.042,226.54,4546.4740,5166.7590,41.7480,-0.1000,0.1000,0.5200,5.2420,6.4778,6882.4100,41.7480
1775748957.581,227.08,4544.0280,5169.2050,42.7280,-0.1000,0.1000,0.5200,5.2380,6.6696,6882.6373,42.7280
1775748958.138,227.64,4541.5820,5171.6510,43.7080,-0.1000,0.1000,0.5200,5.2350,6.4631,6882.8665,43.7080
1775748958.667,228.17,4539.1360,5174.0960,44.6880,-0.1000,0.1000,0.5200,5.2320,6.7925,6883.0968,44.6880
1775748959.213,228.71,4536.6900,5176.5420,45.6680,-0.1000,0.1000,0.5200,5.2280,6.5896,6883.3298,45.6680
1775748959.751,229.25,4534.2440,5178.9880,46.6480,-0.1000,0.1000,0.5200,5.2250,6.6745,6883.5646,46.6480
1775748960.298,229.80,4531.7980,5181.4340,47.6280,-0.1000,0.1000,0.5200,5.2210,6.5701,6883.8013,47.6280
1775748960.842,230.34,4529.3520,5183.8800,48.6080,-0.1000,0.1000,0.5200,5.2180,6.6108,6884.0398,48.6080
1775748961.402,230.90,4526.9060,5186.3260,49.5880,-0.1000,0.1000,0.5200,5.2150,6.4191,6884.2802,49.5880
1775748961.955,231.45,4524.4600,5188.7720,50.5680,-0.1000,0.1000,0.5200,5.2110,6.5009,6884.5225,50.5680
1775748962.486,231.99,4522.0140,5191.2180,51.5480,-0.1000,0.1000,0.5200,5.2080,6.7811,6884.7667,51.5480
1775748963.018,232.52,4519.5690,5193.6640,52.5280,-0.1000,0.1000,0.5200,5.2050,6.7467,6885.0134,52.5280
1775748963.567,233.07,4517.1230,5196.1100,53.5080,-0.1000,0.1000,0.5200,5.2010,6.5503,6885.2612,53.5080
1775748964.109,233.61,4514.6770,5198.5560,54.4880,-0.1000,0.1000,0.5200,5.1980,6.6314,6885.5110,54.4880
1775748964.661,234.16,4512.2310,5201.0020,55.4680,-0.1000,0.1000,0.5200,5.1940,6.5242,6885.7626,55.4680
1775748965.229,234.73,4509.7850,5203.4470,56.4480,-0.1000,0.1000,0.5200,5.1910,6.3229,6886.0154,56.4480
1775748965.803,235.30,4507.3390,5205.8930,57.4280,-0.1000,0.1000,0.5200,5.1880,6.2691,6886.2707,57.4280
1775748966.309,235.81,4504.8930,5208.3390,58.4080,-0.1000,0.1000,0.5200,5.1840,7.1051,6886.5280,58.4080
1775748966.833,236.33,4502.4470,5210.7850,59.3880,-0.1000,0.1000,0.5200,5.1810,6.8537,6886.7871,59.3880
1775748967.387,236.89,4500.0010,5213.2310,60.3680,-0.1000,0.1000,0.5200,5.1770,6.4956,6887.0480,60.3680
1775748967.937,237.44,4497.5550,5215.6770,61.3480,-0.1000,0.1000,0.5200,5.1740,6.5313,6887.3109,61.3480
1775748968.480,237.98,4495.1090,5218.1230,62.3280,-0.1000,0.1000,0.5200,5.1710,6.6251,6887.5756,62.3280
1775748969.022,238.52,4492.6630,5220.5690,63.3080,-0.1000,0.1000,0.5200,5.1670,6.6355,6887.8421,63.3080
1775748969.574,239.07,4490.2180,5223.0150,64.2880,-0.1000,0.1000,0.5200,5.1640,6.5078,6888.1112,64.2880
1775748970.111,239.61,4487.7720,5225.4610,65.2680,-0.1000,0.1000,0.5200,5.1610,6.6890,6888.3815,65.2680
1775748970.681,240.18,4485.3260,5227.9070,66.2480,-0.1000,0.1000,0.5200,5.1570,6.3112,6888.6537,66.2480
1775748971.225,240.72,4482.8800,5230.3530,67.2280,-0.1000,0.1000,0.5200,5.1540,6.6110,6888.9277,67.2280
1775748971.821,241.32,4480.4340,5232.7980,68.2080,-0.1000,0.1000,0.5200,5.1500,6.0309,6889.2029,68.2080
1775748972.330,241.83,4477.9880,5235.2440,69.1880,-0.1000,0.1000,0.5200,5.1470,7.0577,6889.4806,69.1880
1775748972.827,242.33,4475.5420,5237.6900,70.1680,-0.1000,0.1000,0.5200,5.1440,7.2402,6889.7602,70.1680
1775748973.370,242.87,4473.0960,5240.1360,71.1480,-0.1000,0.1000,0.5200,5.1400,6.6223,6890.0417,71.1480
1775748973.913,243.41,4470.6500,5242.5820,72.1280,-0.1000,0.1000,0.5200,5.1370,6.6258,6890.3251,72.1280
1775748974.471,243.97,4468.2040,5245.5710,73.1080,-0.1000,0.5000,0.5200,5.1340,7.1401,6891.0236,73.1080
1775748975.008,244.51,4465.7580,5249.4020,74.0880,-0.1000,0.5000,0.5200,5.1300,8.6443,6892.3657,74.0880
1775748975.562,245.06,4463.3120,5253.9930,75.0680,-0.1000,0.5000,0.5200,5.1270,9.5676,6894.2898,75.0680
1775748976.093,245.59,4460.8670,5259.2720,76.0480,-0.1000,0.5000,0.5200,5.1230,11.1150,6896.7427,76.0480
1775748976.641,246.14,4458.4210,5265.1720,77.0280,-0.1000,0.5000,0.5200,5.1200,11.7859,6899.6730,77.0280
1775748977.230,246.73,4455.9750,5271.6330,78.0080,-0.1000,0.5000,0.5200,5.1170,11.8495,6903.0365,78.0080
1775748977.730,247.23,4453.5290,5278.6020,78.9880,-0.1000,0.5000,0.5200,5.1130,14.8915,6906.7937,78.9880
1775748978.274,247.77,4451.0830,5286.0310,79.9680,-0.1000,0.5000,0.5200,5.1100,14.4961,6910.9087,79.9680
1775748978.831,248.33,4448.6370,5293.8740,80.9480,-0.1000,0.5000,0.5200,5.1060,14.8394,6915.3471,80.9480
1775748979.370,248.87,4446.1910,5302.0920,81.9280,-0.1000,0.5000,0.5200,5.1030,16.0261,6920.0799,81.9280
1775748979.909,249.41,4443.7450,5310.6490,82.9080,-0.1000,0.5000,0.5200,5.1000,16.5943,6925.0802,82.9080
1775748980.617,250.12,4441.2990,5319.5120,83.8880,-0.1000,0.5000,0.5200,5.0960,13.0662,6930.3234,83.8880
1775748981.051,250.55,4438.8530,5328.6530,84.8680,-0.1000,0.5000,0.5200,5.0930,21.9162,6935.7884,84.8680
1775748981.555,251.05,4436.4070,5338.0430,85.8480,-0.1000,0.5000,0.5200,5.0900,19.3572,6941.4537,85.8480
1775748982.096,251.60,4433.9610,5347.6600,86.8280,-0.1000,0.5000,0.5200,5.0860,18.4434,6947.3028,86.8280
1775748982.647,252.15,4431.5160,5357.4820,87.8080,-0.1000,0.5000,0.5200,5.0830,18.4273,6953.3199,87.8080
1775748983.183,252.68,4429.0700,5367.4880,88.7880,-0.1000,0.5000,0.5200,5.0790,19.3075,6959.4879,88.7880
1775748983.739,253.24,4426.6240,5377.6620,89.7680,-0.1000,0.5000,0.5200,5.0760,18.9113,6965.7955,89.7680
1775748984.310,253.81,4424.1780,5387.9860,90.7480,-0.1000,0.5000,0.5200,5.0730,18.6718,6972.2291,90.7480
1775748984.907,254.41,4421.7320,5398.4480,91.7280,-0.1000,0.5000,0.5200,5.0690,18.0525,6978.7799,91.7280
1775748985.375,254.87,4419.2860,5409.0320,92.7080,-0.1000,0.5000,0.5200,5.0660,23.3217,6985.4356,92.7080
1775748985.915,255.41,4416.8400,5419.7280,93.6880,-0.1000,0.5000,0.5200,5.0630,20.4181,6992.1888,93.6880
1775748986.460,255.96,4414.3940,5430.5250,94.6680,-0.1000,0.5000,0.5200,5.0590,20.3879,6999.0312,94.6680
1775748987.006,256.51,4411.9480,5441.4140,95.6480,-0.1000,0.5000,0.5200,5.0560,20.5040,7005.9560,95.6480
1775748987.572,257.07,4409.5020,5452.3840,96.6280,-0.1000,0.5000,0.5200,5.0520,19.9425,7012.9549,96.6280
1775748988.123,257.62,4407.0560,5463.4290,97.6080,-0.1000,0.5000,0.5200,5.0490,20.5889,7020.0232,97.6080
1775748988.644,258.14,4404.6100,5474.5420,98.5880,-0.1000,0.5000,0.5200,5.0460,21.9432,7027.1558,98.5880
1775748989.192,258.69,4402.1640,5485.7150,99.5680,-0.1000,0.5000,0.5200,5.0420,20.9372,7034.3465,99.5680
1775748989.736,259.24,4399.7190,5496.9440,100.5480,-0.1000,0.5000,0.5200,5.0390,21.1919,7041.5929,100.5480
1775748990.287,259.79,4397.2730,5508.2220,101.5280,-0.1000,0.5000,0.5200,5.0360,21.0186,7048.8884,101.5280
1775748990.832,260.33,4394.8270,5519.5450,102.5080,-0.1000,0.5000,0.5200,5.0320,21.3315,7056.2305,102.5080
1775748991.372,260.87,4392.3810,5530.9080,103.4880,-0.1000,0.5000,0.5200,5.0290,21.5942,7063.6155,103.4880
1775748991.974,261.47,4389.9350,5542.3090,104.4680,-0.1000,0.5000,0.5200,5.0250,19.4435,7071.0418,104.4680
1775748992.516,262.02,4387.4890,5553.7420,105.4480,-0.1000,0.5000,0.5200,5.0220,21.6556,7078.5047,105.4480
1775748993.011,262.51,4385.0430,5565.2060,106.4280,-0.1000,0.5000,0.5200,5.0190,23.7646,7086.0036,106.4280
1775748993.550,263.05,4382.5970,5576.6960,107.4080,-0.1000,0.5000,0.5200,5.0150,21.8938,7093.5345,107.4080
1775748994.102,263.60,4380.1510,5588.2120,108.3880,-0.1000,0.5000,0.5200,5.0120,21.3867,7101.0974,108.3880
1775748994.647,264.15,4377.7050,5599.7490,109.3680,-0.1000,0.5000,0.5200,5.0080,21.7259,7108.6884,109.3680
1775748995.198,264.70,4375.2590,5611.3070,110.3480,-0.1000,0.5000,0.5200,5.0050,21.4951,7116.3076,110.3480
1775748995.766,265.27,4372.8130,5622.8820,111.3280,-0.1000,0.5000,0.5200,5.0020,20.8977,7123.9518,111.3280
1775748996.277,265.78,4370.3680,5634.4740,112.3080,-0.1000,0.5000,0.5200,4.9980,23.2721,7131.6216,112.3080
1775748996.828,266.33,4367.9220,5646.0810,113.2880,-0.1000,0.5000,0.5200,4.9950,21.6105,7139.3142,113.2880
1775748997.375,266.87,4365.4760,5657.7010,114.2680,-0.1000,0.5000,0.5200,4.9920,21.7686,7147.0286,114.2680
1775748997.915,267.41,4363.0300,5669.3330,115.2480,-0.1000,0.5000,0.5200,4.9880,22.0819,7154.7641,115.2480
1775748998.464,267.96,4360.5840,5680.9760,116.2280,-0.1000,0.5000,0.5200,4.9850,21.7552,7162.5198,116.2280
1775748999.005,268.50,4358.1380,5692.6290,117.2080,-0.1000,0.5000,0.5200,4.9810,22.0889,7170.2949,117.2080
1775748999.562,269.06,4355.6920,5704.2910,118.1880,-0.1000,0.5000,0.5200,4.9780,21.4748,7178.0887,118.1880
1775749000.085,269.58,4353.2460,5715.9610,119.1680,-0.1000,0.5000,0.5200,4.9750,22.8760,7185.9002,119.1680
1775749000.631,270.13,4350.8000,5727.6380,120.1480,-0.1000,0.5000,0.5200,4.9710,21.8864,7193.7287,120.1480
1775749001.180,270.68,4348.3540,5739.3220,121.1280,-0.1000,0.5000,0.5200,4.9680,21.8202,7201.5742,121.1280
1775749001.720,271.22,4345.9080,5751.0120,122.1080,-0.1000,0.5000,0.5200,4.9650,22.2263,7209.4359,122.1080
1775749002.263,271.76,4343.4620,5762.7070,123.0880,-0.1000,0.5000,0.5200,4.9610,22.0642,7217.3128,123.0880
1775749002.893,272.39,4341.0170,5774.4070,124.0680,-0.1000,0.5000,0.5200,4.9580,19.0316,7225.2057,124.0680
1775749003.394,272.89,4338.5710,5786.1120,125.0480,-0.1000,0.5000,0.5200,4.9540,23.9690,7233.1133,125.0480
1775749003.904,273.40,4336.1250,5797.8200,126.0280,-0.1000,0.5000,0.5200,4.9510,23.5221,7241.0344,126.0280
1775749004.444,273.94,4333.6790,5809.5320,127.0080,-0.1000,0.5000,0.5200,4.9480,22.2162,7248.9700,127.0080
1775749004.980,274.48,4331.2330,5821.2480,127.9880,-0.1000,0.5000,0.5200,4.9440,22.4184,7256.9200,127.9880
1775749005.530,275.03,4328.7870,5832.9660,128.9680,-0.1000,0.5000,0.5200,4.9410,21.8294,7264.8828,128.9680
1775749006.074,275.57,4326.3410,5844.6870,129.9480,-0.1000,0.5000,0.5200,4.9370,22.0996,7272.8591,129.9480
1775749006.712,276.21,4323.8950,5856.4100,130.9280,-0.1000,0.5000,0.5200,4.9340,18.8192,7280.8480,130.9280
1775749007.177,276.68,4321.4490,5868.1360,131.9080,-0.1000,0.5000,0.5200,4.9310,25.8403,7288.8505,131.9080
1775749007.707,277.21,4319.0030,5879.8630,132.8880,-0.1000,0.5000,0.5200,4.9270,22.6828,7296.8647,132.8880
1775749008.255,277.75,4316.5570,5891.5920,133.8680,-0.1000,0.5000,0.5200,4.9240,21.9571,7304.8916,133.8680
1775749008.804,278.30,4314.1110,5903.3230,134.8480,-0.1000,0.5000,0.5200,4.9210,21.8810,7312.9310,134.8480
1775749009.354,278.85,4311.6650,5915.0560,135.8280,-0.1000,0.5000,0.5200,4.9170,21.8745,7320.9830,135.8280
1775749009.904,279.40,4309.2200,5926.7890,136.8080,-0.1000,0.5000,0.5200,4.9140,21.8525,7329.0464,136.8080
1775749010.441,279.94,4306.7740,5938.5240,137.7880,-0.1000,0.5000,0.5200,4.9100,22.3924,7337.1217,137.7880
1775749010.996,280.50,4304.3280,5950.2600,138.7680,-0.1000,0.5000,0.5200,4.9070,21.6808,7345.2087,138.7680
1775749011.535,281.03,4301.8820,5961.9970,139.7480,-0.1000,0.5000,0.5200,4.9040,22.3016,7353.3072,139.7480
1775749012.365,281.86,4299.4360,5973.7340,140.7280,-0.1000,0.5000,0.5200,4.9000,14.4922,7361.4165,140.7280
1775749012.684,282.18,4296.9900,5985.4730,141.7080,-0.1000,0.5000,0.5200,4.8970,37.7962,7369.5381,141.7080
1775749013.194,282.69,4294.5440,5997.2120,142.6880,-0.1000,0.5000,0.5200,4.8940,23.5709,7377.6704,142.6880
1775749013.740,283.24,4292.0980,6008.9520,143.6680,-0.1000,0.5000,0.5200,4.8900,22.0348,7385.8141,143.6680
1775749014.269,283.77,4289.6520,6020.6920,144.6480,-0.1000,0.5000,0.5200,4.8870,22.7675,7393.9685,144.6480
1775749014.802,284.30,4287.2060,6032.4330,145.6280,-0.1000,0.5000,0.5200,4.8830,22.5678,7402.1342,145.6280
1775749015.341,284.84,4284.7600,6044.1750,146.6080,-0.1000,0.5000,0.5200,4.8800,22.3213,7410.3113,146.6080
1775749015.883,285.38,4282.3140,6055.9170,147.5880,-0.1000,0.5000,0.5200,4.8770,22.1985,7418.4989,147.5880
1775749016.433,285.93,4279.8690,6067.6590,148.5680,-0.1000,0.5000,0.5200,4.8730,21.8991,7426.6976,148.5680
1775749016.986,286.49,4277.4230,6079.4010,149.5480,-0.1000,0.5000,0.5200,4.8700,21.7283,7434.9061,149.5480
1775749017.528,287.03,4274.9770,6091.1440,150.5280,-0.1000,0.5000,0.5200,4.8670,22.2384,7443.1258,150.5280
1775749018.071,287.57,4272.5310,6102.8880,151.5080,-0.1000,0.5000,0.5200,4.8630,22.1639,7451.3568,151.5080
1775749018.630,288.13,4270.0850,6114.6310,152.4880,-0.1000,0.5000,0.5200,4.8600,21.5099,7459.5972,152.4880
1775749019.201,288.70,4267.6390,6126.3750,153.4680,-0.1000,0.5000,0.5200,4.8560,21.1002,7467.8488,153.4680
1775749019.756,289.26,4265.1930,6138.1190,154.4480,-0.1000,0.5000,0.5200,4.8530,21.6534,7476.1106,154.4480
1775749020.261,289.76,4262.7470,6149.8630,155.4280,-0.1000,0.5000,0.5200,4.8500,23.8308,7484.3827,155.4280
1775749020.803,290.30,4260.3010,6161.6070,156.4080,-0.1000,0.5000,0.5200,4.8460,22.2312,7492.6650,156.4080
1775749021.351,290.85,4257.8550,6173.3520,157.3880,-0.1000,0.5000,0.5200,4.8430,21.9648,7500.9583,157.3880
1775749021.895,291.39,4255.4090,6185.0960,158.3680,-0.1000,0.5000,0.5200,4.8390,22.1272,7509.2609,158.3680
1775749022.435,291.93,4252.9630,6196.8410,159.3480,-0.1000,0.5000,0.5200,4.8360,22.2967,7517.5744,159.3480
1775749022.999,292.50,4250.5180,6208.5860,160.3280,-0.1000,0.5000,0.5200,4.8330,21.3334,7525.8985,160.3280
1775749023.588,293.09,4248.0720,6220.3310,161.3080,-0.1000,0.5000,0.5200,4.8290,20.4213,7534.2321,161.3080
1775749024.076,293.58,4245.6260,6232.0760,162.2880,-0.1000,0.5000,0.5200,4.8260,24.7074,7542.5757,162.2880
1775749024.614,294.11,4243.1800,6243.8210,163.2680,-0.1000,0.5000,0.5200,4.8230,22.3440,7550.9293,163.2680
1775749025.156,294.66,4240.7340,6255.5660,164.2480,-0.1000,0.5000,0.5200,4.8190,22.2051,7559.2928,164.2480
1775749025.703,295.20,4238.2880,6267.3110,165.2280,-0.1000,0.5000,0.5200,4.8160,22.0174,7567.6663,165.2280
1775749026.250,295.75,4235.8420,6279.0570,166.2080,-0.1000,0.5000,0.5200,4.8120,22.0246,7576.0504,166.2080
1775749026.805,296.30,4233.3960,6290.8020,167.1880,-0.1000,0.5000,0.5200,4.8090,21.6686,7584.4435,167.1880
1775749027.348,296.85,4230.9500,6302.5470,168.1680,-0.1000,0.5000,0.5200,4.8060,22.1884,7592.8464,168.1680
1775749027.889,297.39,4228.5040,6314.2930,169.1480,-0.1000,0.5000,0.5200,4.8020,22.2467,7601.2600,169.1480
1775749028.437,297.94,4226.0580,6326.0380,170.1280,-0.1000,0.5000,0.5200,4.7990,21.9360,7609.6824,170.1280
1775749028.996,298.50,4223.6120,6337.7840,171.1080,-0.1000,0.5000,0.5200,4.7960,21.5634,7618.1154,171.1080
1775749029.535,299.03,4221.1670,6349.5300,172.0880,-0.1000,0.5000,0.5200,4.7920,22.3329,7626.5586,172.0880
1775749030.082,299.58,4218.7210,6361.2750,173.0680,-0.1000,0.5000,0.5200,4.7890,21.9778,7635.0101,173.0680
1775749030.654,300.15,4216.2750,6373.0210,174.0480,-0.1000,0.5000,0.5200,4.7850,21.0678,7643.4720,174.0480
1775749031.169,300.67,4213.8290,6384.7670,175.0280,-0.1000,0.5000,0.5200,4.7820,23.3546,7651.9435,175.0280
1775749031.744,301.24,4211.3830,6396.5120,176.0080,-0.1000,0.5000,0.5200,4.7790,20.9470,7660.4237,176.0080
1775749032.265,301.76,4208.9370,6408.2580,176.9880,-0.1000,0.5000,0.5200,4.7750,23.1131,7668.9143,176.9880
1775749032.802,302.30,4206.4910,6420.0040,177.9680,-0.1000,0.5000,0.5200,4.7720,22.4067,7677.4143,177.9680
1775749033.347,302.85,4204.0450,6431.7490,178.9480,-0.1000,0.5000,0.5200,4.7680,22.0697,7685.9230,178.9480
1775749033.892,303.39,4201.5990,6443.4950,179.9280,-0.1000,0.5000,0.5200,4.7650,22.0929,7694.4419,179.9280
1775749034.446,303.95,4199.1530,6455.2410,180.9080,-0.1000,0.5000,0.5200,4.7620,21.7454,7702.9702,180.9080
1775749035.214,304.71,4196.7070,6466.9870,181.8880,-0.1000,0.5000,0.5200,4.7580,15.6778,7711.5079,181.8880
1775749035.550,305.05,4194.2610,6478.7330,182.8680,-0.1000,0.5000,0.5200,4.7550,35.8331,7720.0549,182.8680
1775749036.083,305.58,4191.8150,6490.4790,183.8480,-0.1000,0.5000,0.5200,4.7520,22.5745,7728.6112,183.8480
1775749036.623,306.12,4189.3700,6502.2240,184.8280,-0.1000,0.5000,0.5200,4.7480,22.3008,7737.1764,184.8280
1775749037.166,306.67,4186.9240,6513.9700,185.8080,-0.1000,0.5000,0.5200,4.7450,22.1646,7745.7512,185.8080
1775749037.709,307.21,4184.4780,6525.7160,186.7880,-0.1000,0.5000,0.5200,4.7410,22.1549,7754.3353,186.7880
1775749038.255,307.75,4182.0320,6537.4620,187.7680,-0.1000,0.5000,0.5200,4.7380,22.0565,7762.9284,187.7680
1775749038.807,308.31,4179.5860,6549.2080,188.7480,-0.1000,0.5000,0.5200,4.7350,21.7977,7771.5308,188.7480
1775749039.352,308.85,4177.1400,6560.9540,189.7280,-0.1000,0.5000,0.5200,4.7310,22.0945,7780.1422,189.7280
1775749039.904,309.40,4174.6940,6572.7000,190.7080,-0.1000,0.5000,0.5200,4.7280,21.8223,7788.7627,190.7080
1775749040.429,309.93,4172.2480,6584.4450,191.6880,-0.1000,0.5000,0.5200,4.7250,22.8930,7797.3915,191.6880
1775749040.979,310.48,4169.8020,6596.1910,192.6680,-0.1000,0.5000,0.5200,4.7210,21.9093,7806.0301,192.6680
1775749041.519,311.02,4167.3560,6607.9370,193.6480,-0.1000,0.5000,0.5200,4.7180,22.2875,7814.6777,193.6480
1775749042.061,311.56,4164.9100,6619.6830,194.6280,-0.1000,0.5000,0.5200,4.7140,22.1947,7823.3342,194.6280
1775749042.598,312.10,4162.4640,6631.4290,195.6080,-0.1000,0.5000,0.5200,4.7110,22.4371,7831.9997,195.6080
1775749043.168,312.67,4160.0190,6643.1750,196.5880,-0.1000,0.5000,0.5200,4.7080,21.1003,7840.6747,196.5880
1775749043.811,313.31,4157.5730,6654.9210,197.5680,-0.1000,0.5000,0.5200,4.7040,18.7329,7849.3579,197.5680
1775749044.265,313.76,4155.1270,6666.6670,198.5480,-0.1000,0.5000,0.5200,4.7010,26.5033,7858.0500,198.5480
1775749044.782,314.28,4152.6810,6678.4130,199.5280,-0.1000,0.5000,0.5200,4.6980,23.2770,7866.7510,199.5280
1775749045.326,314.83,4150.2350,6690.1590,200.5080,-0.1000,0.5000,0.5200,4.6940,22.1458,7875.4607,200.5080
1775749045.870,315.37,4147.7890,6701.9040,201.4880,-0.1000,0.5000,0.5200,4.6910,22.1330,7884.1783,201.4880
1775749046.426,315.93,4145.3430,6713.6500,202.4680,-0.1000,0.5000,0.5200,4.6870,21.6560,7892.9056,202.4680
1775749046.971,316.47,4142.8970,6725.3960,203.4480,-0.1000,0.5000,0.5200,4.6840,22.0775,7901.6415,203.4480
1775749047.524,317.02,4140.4510,6737.1420,204.4280,-0.1000,0.5000,0.5200,4.6810,21.7801,7910.3861,204.4280
1775749048.120,317.62,4138.0050,6748.8880,205.4080,-0.1000,0.5000,0.5200,4.6770,20.1761,7919.1393,205.4080
1775749048.624,318.12,4135.5590,6760.6340,206.3880,-0.1000,0.5000,0.5200,4.6740,23.8910,7927.9011,206.3880
1775749049.170,318.67,4133.1130,6772.3800,207.3680,-0.1000,0.5000,0.5200,4.6700,22.0325,7936.6716,207.3680
1775749049.709,319.21,4130.6680,6784.1260,208.3480,-0.1000,0.5000,0.5200,4.6670,22.3590,7945.4511,208.3480
1775749050.253,319.75,4128.2220,6795.8720,209.3280,-0.1000,0.5000,0.5200,4.6640,22.1108,7954.2386,209.3280
1775749050.800,320.30,4125.7760,6807.6180,210.3080,-0.1000,0.5000,0.5200,4.6600,22.0091,7963.0346,210.3080
1775749051.391,320.89,4123.3300,6819.3640,211.2880,-0.1000,0.5000,0.5200,4.6570,20.3725,7971.8391,211.2880
1775749051.926,321.43,4120.8840,6831.1100,212.2680,-0.1000,0.5000,0.5200,4.6540,22.4901,7980.6520,212.2680
1775749052.510,322.01,4118.4380,6842.8550,213.2480,-0.1000,0.5000,0.5200,4.6500,20.6075,7989.4725,213.2480
1775749052.982,322.48,4115.9920,6854.6010,214.2280,-0.1000,0.5000,0.5200,4.6470,25.5402,7998.3022,214.2280
1775749053.517,323.02,4113.5460,6866.3470,215.2080,-0.1000,0.5000,0.5200,4.6430,22.4816,8007.1403,215.2080
1775749054.067,323.57,4111.1000,6878.0930,216.1880,-0.1000,0.5000,0.5200,4.6400,21.8790,8015.9868,216.1880
1775749054.618,324.12,4108.6540,6889.8390,217.1680,-0.1000,0.5000,0.5200,4.6370,21.8631,8024.8415,217.1680
1775749055.162,324.66,4106.2080,6901.5850,218.1480,-0.1000,0.5000,0.5200,4.6330,22.1120,8033.7045,218.1480
