time,sim_t,target_x,target_y,target_z,err_x,err_y,err_z,pid_pitch,pid_roll,pid_thrust,wind_x,wind_y,Kp,Ki,Kd
1776375855.002,1.6,0.000,0.000,0.000,0.000,0.000,0.000,0.000,0.000,0.500,0.000,0.000,2.1,0.9,1.0
1776375855.437,2.0,0.000,0.000,0.000,0.000,0.000,0.000,0.000,0.000,0.500,0.000,0.000,2.1,0.9,1.0
1776375855.869,2.4,0.000,0.000,0.000,0.000,0.000,0.000,0.000,0.000,0.500,0.000,0.000,2.1,0.9,1.0
1776375856.305,2.8,0.000,0.000,0.000,0.000,0.000,0.000,0.000,0.000,0.500,0.000,0.000,2.1,0.9,1.0
1776375856.739,3.2,0.000,0.000,0.000,0.000,0.000,0.000,0.000,0.000,0.500,0.000,0.000,2.1,0.9,1.0
1776375857.174,3.6,0.000,0.000,0.000,0.000,0.000,0.000,0.000,0.000,0.500,0.000,0.000,2.1,0.9,1.0
1776375857.608,4.0,0.000,0.000,0.000,0.000,0.000,0.000,0.000,0.000,0.500,0.000,0.000,2.1,0.9,1.0
1776375858.040,4.4,0.000,0.000,0.000,0.000,0.000,0.000,0.000,0.000,0.500,0.000,0.000,2.1,0.9,1.0
1776375858.478,4.8,0.000,0.000,0.000,0.000,0.000,0.000,0.000,0.000,0.500,0.000,0.000,2.1,0.9,1.0
1776375858.909,5.2,0.000,0.000,0.000,0.000,0.000,0.000,0.000,0.000,0.500,0.000,0.000,2.1,0.9,1.0
1776375859.345,5.6,0.000,0.000,0.000,0.000,0.000,0.000,0.000,0.000,0.500,0.000,0.000,2.1,0.9,1.0
1776375859.775,6.0,0.000,0.000,0.000,0.000,0.000,0.000,0.000,0.000,0.500,0.000,0.000,2.1,0.9,1.0
1776375860.209,6.4,0.000,0.000,0.000,0.000,0.000,0.000,0.000,0.000,0.500,0.000,0.000,2.1,0.9,1.0
1776375860.643,6.8,0.000,0.000,0.000,0.000,0.000,0.000,0.000,0.000,0.500,0.000,0.000,2.1,0.9,1.0
1776375861.078,7.2,0.000,0.000,0.000,0.000,0.000,0.000,0.000,0.000,0.500,0.000,0.000,2.1,0.9,1.0
1776375861.511,7.6,0.000,0.000,0.000,0.000,0.000,0.000,0.000,0.000,0.500,0.000,0.000,2.1,0.9,1.0
1776375861.947,8.0,0.000,0.000,0.000,0.000,0.000,0.000,0.000,0.000,0.500,0.000,0.000,2.1,0.9,1.0
1776375862.382,8.4,0.000,0.000,0.000,0.000,0.000,0.000,0.000,0.000,0.500,0.000,0.000,2.1,0.9,1.0
1776375862.817,8.8,0.000,0.000,0.000,0.000,0.000,0.000,0.000,0.000,0.500,0.000,0.000,2.1,0.9,1.0
1776375863.251,9.2,0.000,0.000,0.000,0.000,0.000,0.000,0.000,0.000,0.500,0.000,0.000,2.1,0.9,1.0
1776375863.685,9.6,0.000,0.000,0.000,0.000,0.000,0.000,0.000,0.000,0.500,0.000,0.000,2.1,0.9,1.0
1776375864.117,10.0,0.000,0.000,0.000,0.000,0.000,0.000,0.000,0.000,0.500,0.000,0.000,2.1,0.9,1.0
1776375864.550,10.4,0.000,0.000,0.000,0.000,0.000,0.000,0.000,0.000,0.500,0.000,0.000,2.1,0.9,1.0
1776375864.987,10.8,0.000,0.000,0.000,0.000,0.000,0.000,0.000,0.000,0.500,0.000,0.000,2.1,0.9,1.0
1776375865.420,11.2,0.000,0.000,0.000,0.000,0.000,0.000,0.000,0.000,0.500,0.000,0.000,2.1,0.9,1.0
1776375865.854,11.6,0.000,0.000,0.000,0.000,0.000,0.000,0.000,0.000,0.500,0.000,0.000,2.1,0.9,1.0
1776375866.292,12.0,0.000,0.000,100.000,0.000,0.000,99.922,0.000,0.000,0.700,0.000,0.000,2.1,0.9,1.0
1776375866.722,12.4,0.000,0.000,100.000,0.000,0.000,98.086,0.000,0.000,0.900,0.000,0.000,2.1,0.9,1.0
1776375867.155,12.8,0.000,0.000,100.000,0.000,0.000,93.959,0.000,0.000,0.900,0.000,0.000,2.1,0.9,1.0
1776375867.590,13.2,0.000,0.000,100.000,0.000,0.000,87.718,0.000,0.000,0.900,0.000,0.000,2.1,0.9,1.0
1776375868.026,13.6,0.000,0.000,100.000,0.000,0.000,79.526,0.000,0.000,0.900,0.000,0.000,2.1,0.9,1.0
1776375868.458,14.0,0.000,0.000,100.000,0.000,0.000,69.536,0.000,0.000,0.900,0.000,0.000,2.1,0.9,1.0
1776375868.894,14.4,0.000,0.000,100.000,0.000,0.000,57.887,0.000,0.000,0.900,0.000,0.000,2.1,0.9,1.0
1776375869.326,14.8,0.000,0.000,100.000,0.000,0.000,47.014,0.000,0.000,0.300,0.000,0.000,2.1,0.9,1.0
1776375869.760,15.2,0.000,0.000,100.000,0.000,0.000,38.201,0.000,0.000,0.300,0.000,0.000,2.1,0.9,1.0
1776375870.193,15.6,0.000,0.000,100.000,0.000,0.000,31.266,0.000,0.000,0.362,0.000,0.000,2.1,0.9,1.0
1776375870.627,16.0,0.000,0.000,100.000,0.000,0.000,25.657,0.000,0.000,0.323,0.000,0.000,2.1,0.9,1.0
1776375871.066,16.4,0.000,0.000,100.000,0.000,0.000,21.036,0.000,0.000,0.300,0.000,0.000,2.1,0.9,1.0
1776375871.501,16.8,0.000,0.000,100.000,0.000,0.000,17.243,0.000,0.000,0.300,0.000,0.000,2.1,0.9,1.0
1776375871.936,17.2,0.000,0.000,100.000,0.000,0.000,14.131,0.000,0.000,0.301,0.000,0.000,2.1,0.9,1.0
1776375872.369,17.6,0.000,0.000,100.000,0.000,0.000,11.559,0.000,0.000,0.363,0.000,0.000,2.1,0.9,1.0
1776375872.805,18.0,0.000,0.000,100.000,0.000,0.000,9.450,0.000,0.000,0.300,0.000,0.000,2.1,0.9,1.0
1776375873.240,18.4,0.000,0.000,100.000,0.000,0.000,7.714,0.000,0.000,0.300,0.000,0.000,2.1,0.9,1.0
1776375873.672,18.8,0.000,0.000,100.000,0.000,0.000,6.322,0.000,0.000,0.300,0.000,0.000,2.1,0.9,1.0
1776375874.104,19.2,0.000,0.000,100.000,0.000,0.000,5.160,0.000,0.000,0.300,0.000,0.000,2.1,0.9,1.0
1776375874.535,19.6,0.000,0.000,100.000,0.000,0.000,4.204,0.000,0.000,0.325,0.000,0.000,2.1,0.9,1.0
1776375874.968,20.0,0.000,0.000,100.000,0.000,0.000,3.421,0.000,0.000,0.316,0.000,0.000,2.1,0.9,1.0
1776375875.401,20.4,0.000,0.000,100.000,0.000,0.000,2.769,0.000,0.000,0.347,0.000,0.000,2.1,0.9,1.0
1776375875.832,20.8,0.000,0.000,100.000,0.000,0.000,2.241,0.000,0.000,0.300,0.000,0.000,2.1,0.9,1.0
1776375876.263,21.2,0.000,0.000,100.000,0.000,0.000,1.812,0.000,0.000,0.300,0.000,0.000,2.1,0.9,1.0
1776375876.698,21.6,0.000,0.000,100.000,0.000,0.000,1.441,0.000,0.000,0.377,0.000,0.000,2.1,0.9,1.0
1776375877.134,22.0,0.000,0.000,100.000,-0.001,-0.026,1.139,0.000,0.000,0.300,0.056,1.278,2.1,0.9,1.0
1776375877.569,22.4,0.000,0.000,100.000,-0.003,-0.075,0.884,-0.011,-0.267,0.300,0.056,1.278,2.1,0.9,1.0
1776375878.002,22.8,0.000,0.000,100.000,-0.004,-0.091,0.726,-0.011,-0.266,0.300,0.056,1.278,2.1,0.9,1.0
1776375878.435,23.2,0.000,0.000,100.000,-0.004,-0.090,0.556,-0.011,-0.266,0.351,0.056,1.278,2.1,0.9,1.0
1776375878.870,23.6,0.000,0.000,100.000,-0.003,-0.081,0.423,-0.011,-0.264,0.300,0.056,1.278,2.1,0.9,1.0
1776375879.304,24.0,0.000,0.000,100.000,-0.003,-0.070,0.319,-0.011,-0.263,0.300,0.056,1.278,2.1,0.9,1.0
1776375879.737,24.4,0.000,0.000,100.000,-0.003,-0.058,0.216,-0.011,-0.262,0.372,0.056,1.278,2.1,0.9,1.0
1776375880.169,24.8,0.000,0.000,100.000,-0.002,-0.048,0.136,-0.011,-0.262,0.300,0.056,1.278,2.1,0.9,1.0
1776375880.606,25.2,0.000,0.000,100.000,-0.002,-0.038,0.065,-0.011,-0.261,0.300,0.056,1.278,2.1,0.9,1.0
1776375881.041,25.6,0.000,0.000,100.000,-0.001,-0.031,0.014,-0.011,-0.260,0.300,0.056,1.278,2.1,0.9,1.0
1776375881.475,26.0,0.000,0.000,100.000,-0.001,-0.024,-0.022,-0.011,-0.260,0.300,0.056,1.278,2.1,0.9,1.0
1776375881.910,26.4,0.000,0.000,100.000,-0.001,-0.019,-0.070,-0.011,-0.260,0.300,0.056,1.278,2.1,0.9,1.0
1776375882.341,26.8,0.000,0.000,100.000,-0.001,-0.015,-0.053,-0.011,-0.259,0.300,0.056,1.278,2.1,0.9,1.0
1776375882.772,27.2,0.000,0.000,100.000,-0.001,-0.012,-0.092,-0.011,-0.259,0.380,0.056,1.278,2.1,0.9,1.0
1776375883.226,27.6,0.000,0.000,100.000,-0.000,-0.009,-0.119,-0.011,-0.259,0.300,0.056,1.278,2.1,0.9,1.0
1776375883.675,28.0,0.000,0.000,100.000,-0.000,-0.007,-0.150,-0.011,-0.259,0.300,0.056,1.278,2.1,0.9,1.0
1776375884.109,28.4,0.000,0.000,100.000,-0.000,-0.006,-0.119,-0.011,-0.259,0.300,0.056,1.278,2.1,0.9,1.0
1776375884.541,28.8,0.000,0.000,100.000,-0.000,-0.004,-0.143,-0.011,-0.259,0.371,0.056,1.278,2.1,0.9,1.0
1776375884.975,29.2,0.000,0.000,100.000,-0.000,-0.003,-0.156,-0.011,-0.259,0.300,0.056,1.278,2.1,0.9,1.0
1776375885.410,29.6,0.000,0.000,100.000,-0.000,-0.003,-0.171,-0.011,-0.259,0.300,0.056,1.278,2.1,0.9,1.0
1776375885.845,30.0,0.000,0.000,100.000,-0.000,-0.002,-0.192,-0.011,-0.259,0.300,0.056,1.278,2.1,0.9,1.0
1776375886.277,30.4,0.000,0.000,100.000,-0.000,-0.002,-0.150,-0.011,-0.259,0.300,0.056,1.278,2.1,0.9,1.0
1776375886.709,30.8,0.000,0.000,100.000,-0.000,-0.001,-0.172,-0.011,-0.259,0.388,0.056,1.278,2.1,0.9,1.0
1776375887.142,31.2,0.000,0.000,100.000,-0.000,-0.001,-0.186,-0.011,-0.259,0.300,0.056,1.278,2.1,0.9,1.0
1776375887.575,31.6,0.000,0.000,100.000,-0.000,-0.001,-0.184,-0.011,-0.259,0.300,0.056,1.278,2.1,0.9,1.0
1776375888.009,32.0,0.000,0.000,100.000,-0.000,-0.001,-0.201,-0.011,-0.259,0.300,0.056,1.278,2.1,0.9,1.0
1776375888.442,32.4,0.000,0.000,100.000,-0.031,-0.011,-0.157,-0.134,-0.301,0.300,0.645,1.477,2.1,0.9,1.0
1776375888.876,32.8,0.000,0.000,100.000,-0.041,-0.015,-0.176,-0.133,-0.301,0.389,0.645,1.477,2.1,0.9,1.0
1776375889.309,33.2,0.000,0.000,100.000,-0.042,-0.015,-0.189,-0.133,-0.301,0.300,0.645,1.477,2.1,0.9,1.0
1776375889.741,33.6,0.000,0.000,100.000,-0.038,-0.014,-0.184,-0.132,-0.301,0.300,0.645,1.477,2.1,0.9,1.0
1776375890.174,34.0,0.000,0.000,100.000,-0.033,-0.012,-0.199,-0.132,-0.301,0.300,0.645,1.477,2.1,0.9,1.0
1776375890.607,34.4,0.000,0.000,100.000,-0.028,-0.010,-0.158,-0.131,-0.301,0.300,0.645,1.477,2.1,0.9,1.0
1776375891.042,34.8,0.000,0.000,100.000,-0.023,-0.008,-0.168,-0.131,-0.300,0.359,0.645,1.477,2.1,0.9,1.0
1776375891.476,35.2,0.000,0.000,100.000,-0.019,-0.007,-0.170,-0.131,-0.300,0.300,0.645,1.477,2.1,0.9,1.0
1776375891.908,35.6,0.000,0.000,100.000,-0.015,-0.005,-0.169,-0.130,-0.300,0.300,0.645,1.477,2.1,0.9,1.0
1776375892.343,36.0,0.000,0.000,100.000,-0.012,-0.004,-0.166,-0.130,-0.300,0.300,0.645,1.477,2.1,0.9,1.0
1776375892.777,36.4,0.000,0.000,100.000,-0.009,-0.003,-0.161,-0.130,-0.300,0.311,0.645,1.477,2.1,0.9,1.0
1776375893.211,36.8,0.000,0.000,100.000,-0.007,-0.003,-0.172,-0.130,-0.300,0.371,0.645,1.477,2.1,0.9,1.0
1776375893.643,37.2,0.000,0.000,100.000,-0.006,-0.002,-0.177,-0.130,-0.300,0.300,0.645,1.477,2.1,0.9,1.0
1776375894.076,37.6,0.000,0.000,100.000,-0.005,-0.002,-0.184,-0.130,-0.300,0.300,0.645,1.477,2.1,0.9,1.0
1776375894.509,38.0,0.000,0.000,100.000,-0.004,-0.001,-0.196,-0.130,-0.300,0.300,0.645,1.477,2.1,0.9,1.0
1776375894.947,38.4,0.000,0.000,100.000,-0.003,-0.001,-0.154,-0.130,-0.300,0.300,0.645,1.477,2.1,0.9,1.0
1776375895.384,38.8,0.000,0.000,100.000,-0.002,-0.001,-0.159,-0.130,-0.300,0.347,0.645,1.477,2.1,0.9,1.0
1776375895.817,39.2,0.000,0.000,100.000,-0.002,-0.001,-0.156,-0.130,-0.300,0.300,0.645,1.477,2.1,0.9,1.0
1776375896.250,39.6,0.000,0.000,100.000,-0.001,-0.000,-0.151,-0.129,-0.300,0.313,0.645,1.477,2.1,0.9,1.0
1776375896.683,40.0,0.000,0.000,100.000,-0.001,-0.000,-0.161,-0.129,-0.300,0.364,0.645,1.477,2.1,0.9,1.0
1776375897.120,40.4,0.000,0.000,100.000,-0.001,-0.000,-0.162,-0.129,-0.300,0.300,0.645,1.477,2.1,0.9,1.0
1776375897.553,40.8,0.000,0.000,100.000,-0.001,-0.000,-0.164,-0.129,-0.300,0.300,0.645,1.477,2.1,0.9,1.0
1776375897.988,41.2,0.000,0.000,100.000,-0.000,-0.000,-0.167,-0.129,-0.300,0.300,0.645,1.477,2.1,0.9,1.0
1776375898.486,41.6,0.000,0.000,100.000,-0.000,-0.000,-0.173,-0.129,-0.300,0.300,0.645,1.477,2.1,0.9,1.0
1776375898.935,42.0,0.000,0.000,100.000,-0.000,-0.000,-0.185,-0.129,-0.300,0.300,0.645,1.477,2.1,0.9,1.0
1776375899.372,42.4,0.000,0.000,100.000,0.073,0.029,-0.149,0.208,-0.164,0.300,-1.023,0.821,2.1,0.9,1.0
1776375899.808,42.8,0.000,0.000,100.000,0.112,0.045,-0.141,0.217,-0.161,0.300,-1.023,0.821,2.1,0.9,1.0
1776375900.242,43.2,0.000,0.000,100.000,0.120,0.048,-0.160,0.216,-0.161,0.398,-1.023,0.821,2.1,0.9,1.0
1776375900.679,43.6,0.000,0.000,100.000,0.112,0.045,-0.173,0.214,-0.162,0.300,-1.023,0.821,2.1,0.9,1.0
1776375901.113,44.0,0.000,0.000,100.000,0.098,0.040,-0.141,0.213,-0.162,0.300,-1.023,0.821,2.1,0.9,1.0
1776375901.548,44.4,0.000,0.000,100.000,0.083,0.033,-0.136,0.212,-0.163,0.300,-1.023,0.821,2.1,0.9,1.0
1776375901.981,44.8,0.000,0.000,100.000,0.068,0.028,-0.143,0.211,-0.163,0.352,-1.023,0.821,2.1,0.9,1.0
1776375902.414,45.2,0.000,0.000,100.000,0.056,0.022,-0.141,0.210,-0.164,0.300,-1.023,0.821,2.1,0.9,1.0
1776375902.845,45.6,0.000,0.000,100.000,0.045,0.018,-0.134,0.209,-0.164,0.300,-1.023,0.821,2.1,0.9,1.0
1776375903.279,46.0,0.000,0.000,100.000,0.035,0.014,-0.144,0.208,-0.164,0.363,-1.023,0.821,2.1,0.9,1.0
1776375903.709,46.4,0.000,0.000,100.000,0.028,0.011,-0.145,0.208,-0.164,0.300,-1.023,0.821,2.1,0.9,1.0
1776375904.143,46.8,0.000,0.000,100.000,0.022,0.009,-0.147,0.208,-0.164,0.300,-1.023,0.821,2.1,0.9,1.0
1776375904.577,47.2,0.000,0.000,100.000,0.017,0.007,-0.149,0.207,-0.165,0.300,-1.023,0.821,2.1,0.9,1.0
1776375905.011,47.6,0.000,0.000,100.000,0.014,0.005,-0.153,0.207,-0.165,0.300,-1.023,0.821,2.1,0.9,1.0
1776375905.444,48.0,0.000,0.000,100.000,0.011,0.004,-0.161,0.207,-0.165,0.300,-1.023,0.821,2.1,0.9,1.0
1776375905.878,48.4,0.000,0.000,100.000,0.008,0.003,-0.156,0.207,-0.165,0.300,-1.023,0.821,2.1,0.9,1.0
1776375906.313,48.8,0.000,0.000,100.000,0.007,0.003,-0.164,0.207,-0.165,0.300,-1.023,0.821,2.1,0.9,1.0
1776375906.744,49.2,0.000,0.000,100.000,0.005,0.002,-0.130,0.206,-0.165,0.300,-1.023,0.821,2.1,0.9,1.0
1776375907.178,49.6,0.000,0.000,100.000,0.004,0.002,-0.122,0.206,-0.165,0.300,-1.023,0.821,2.1,0.9,1.0
1776375907.609,50.0,0.000,0.000,100.000,0.003,0.001,-0.138,0.206,-0.165,0.384,-1.023,0.821,2.1,0.9,1.0
1776375908.040,50.4,0.000,0.000,100.000,0.002,0.001,-0.146,0.206,-0.165,0.300,-1.023,0.821,2.1,0.9,1.0
1776375908.477,50.8,0.000,0.000,100.000,0.002,0.001,-0.152,0.206,-0.165,0.300,-1.023,0.821,2.1,0.9,1.0
1776375908.912,51.2,0.000,0.000,100.000,0.001,0.001,-0.130,0.206,-0.165,0.300,-1.023,0.821,2.1,0.9,1.0
1776375909.345,51.6,0.000,0.000,100.000,0.001,0.000,-0.131,0.206,-0.165,0.300,-1.023,0.821,2.1,0.9,1.0
1776375909.776,52.0,0.000,0.000,100.000,0.001,0.000,-0.133,0.206,-0.165,0.300,-1.023,0.821,2.1,0.9,1.0
1776375910.210,52.4,0.000,0.000,100.000,-0.005,-0.020,-0.136,0.162,-0.312,0.300,-0.841,1.423,2.1,0.9,1.0
1776375910.643,52.8,0.000,0.000,100.000,-0.011,-0.039,-0.141,0.168,-0.293,0.300,-0.841,1.423,2.1,0.9,1.0
1776375911.078,53.2,0.000,0.000,100.000,-0.013,-0.044,-0.153,0.168,-0.292,0.300,-0.841,1.423,2.1,0.9,1.0
1776375911.513,53.6,0.000,0.000,100.000,-0.012,-0.042,-0.122,0.168,-0.292,0.300,-0.841,1.423,2.1,0.9,1.0
1776375911.946,54.0,0.000,0.000,100.000,-0.011,-0.038,-0.118,0.168,-0.291,0.300,-0.841,1.423,2.1,0.9,1.0
1776375912.382,54.4,0.000,0.000,100.000,-0.009,-0.032,-0.114,0.168,-0.291,0.320,-0.841,1.423,2.1,0.9,1.0
1776375912.815,54.8,0.000,0.000,100.000,-0.008,-0.027,-0.117,0.169,-0.290,0.342,-0.841,1.423,2.1,0.9,1.0
1776375913.294,55.2,0.000,0.000,100.000,-0.006,-0.022,-0.111,0.169,-0.290,0.300,-0.841,1.423,2.1,0.9,1.0
1776375913.728,55.6,0.000,0.000,100.000,-0.005,-0.017,-0.117,0.169,-0.290,0.352,-0.841,1.423,2.1,0.9,1.0
1776375914.159,56.0,0.000,0.000,100.000,-0.004,-0.014,-0.115,0.169,-0.290,0.300,-0.841,1.423,2.1,0.9,1.0
1776375914.593,56.4,0.000,0.000,100.000,-0.003,-0.011,-0.108,0.169,-0.289,0.300,-0.841,1.423,2.1,0.9,1.0
1776375915.024,56.8,0.000,0.000,100.000,-0.003,-0.009,-0.117,0.169,-0.289,0.362,-0.841,1.423,2.1,0.9,1.0
1776375915.459,57.2,0.000,0.000,100.000,-0.002,-0.007,-0.118,0.169,-0.289,0.300,-0.841,1.423,2.1,0.9,1.0
1776375915.892,57.6,0.000,0.000,100.000,-0.002,-0.005,-0.119,0.169,-0.289,0.300,-0.841,1.423,2.1,0.9,1.0
1776375916.324,58.0,0.000,0.000,100.000,-0.001,-0.004,-0.119,0.169,-0.289,0.300,-0.841,1.423,2.1,0.9,1.0
1776375916.774,58.4,0.000,0.000,100.000,-0.001,-0.003,-0.120,0.169,-0.289,0.300,-0.841,1.423,2.1,0.9,1.0
1776375917.270,58.8,0.000,0.000,100.000,-0.001,-0.003,-0.122,0.169,-0.289,0.300,-0.841,1.423,2.1,0.9,1.0
1776375917.797,59.2,0.000,0.000,100.000,-0.001,-0.002,-0.125,0.169,-0.289,0.300,-0.841,1.423,2.1,0.9,1.0
1776375918.239,59.6,0.000,0.000,100.000,-0.000,-0.002,-0.132,0.169,-0.289,0.300,-0.841,1.423,2.1,0.9,1.0
1776375918.673,60.0,0.000,0.000,100.000,-0.000,-0.001,-0.134,0.169,-0.289,0.300,-0.841,1.423,2.1,0.9,1.0
1776375919.104,60.4,0.000,0.000,100.000,-0.000,-0.001,-0.119,0.169,-0.289,0.300,-0.841,1.423,2.1,0.9,1.0
1776375919.534,60.8,0.000,0.000,100.000,-0.000,-0.001,-0.126,0.169,-0.289,0.300,-0.841,1.423,2.1,0.9,1.0
1776375919.968,61.2,0.000,0.000,100.000,-0.000,-0.001,-0.132,0.169,-0.289,0.300,-0.841,1.423,2.1,0.9,1.0
1776375920.402,61.6,0.000,0.000,100.000,-0.000,-0.000,-0.107,0.169,-0.289,0.300,-0.841,1.423,2.1,0.9,1.0
1776375920.836,62.0,50.000,0.000,100.000,49.527,-0.000,-0.106,0.800,-0.289,0.300,-0.841,1.423,2.1,0.9,1.0
1776375921.271,62.4,50.000,0.000,100.000,48.572,0.005,-0.104,0.800,-0.289,0.300,-0.432,1.179,2.1,0.9,1.0
1776375921.706,62.8,50.000,0.000,100.000,47.286,0.015,-0.098,0.800,-0.236,0.300,-0.432,1.179,2.1,0.9,1.0
1776375922.137,63.2,50.000,0.000,100.000,45.810,0.018,-0.098,0.800,-0.236,0.334,-0.432,1.179,2.1,0.9,1.0
1776375922.571,63.6,50.000,0.000,100.000,44.235,0.018,-0.090,0.800,-0.237,0.300,-0.432,1.179,2.1,0.9,1.0
1776375923.006,64.0,50.000,0.000,100.000,42.609,0.016,-0.110,0.800,-0.237,0.402,-0.432,1.179,2.1,0.9,1.0
1776375923.442,64.4,50.000,0.000,100.000,40.956,0.014,-0.124,0.800,-0.237,0.300,-0.432,1.179,2.1,0.9,1.0
1776375923.874,64.8,50.000,50.000,100.000,39.289,49.740,-0.081,0.800,0.800,0.300,-0.432,1.179,2.1,0.9,1.0
1776375924.308,65.2,50.000,50.000,100.000,37.615,48.441,-0.091,0.800,0.800,0.361,-0.432,1.179,2.1,0.9,1.0
1776375924.743,65.6,50.000,50.000,100.000,35.936,46.548,-0.093,0.800,0.800,0.300,-0.432,1.179,2.1,0.9,1.0
1776375925.179,66.0,50.000,50.000,100.000,34.256,44.345,-0.094,0.800,0.800,0.300,-0.432,1.179,2.1,0.9,1.0
1776375925.616,66.4,50.000,50.000,100.000,32.575,41.980,-0.094,0.800,0.800,0.300,-0.432,1.179,2.1,0.9,1.0
1776375926.052,66.8,50.000,50.000,100.000,30.893,39.531,-0.093,0.800,0.800,0.300,-0.432,1.179,2.1,0.9,1.0
1776375926.488,67.2,50.000,50.000,100.000,29.211,37.037,-0.087,0.800,0.800,0.300,-0.432,1.179,2.1,0.9,1.0
1776375926.923,67.6,50.000,50.000,100.000,27.529,34.521,-0.088,0.800,0.800,0.332,-0.432,1.179,2.1,0.9,1.0
1776375927.355,68.0,50.000,50.000,100.000,25.846,31.992,-0.080,0.800,0.800,0.304,-0.432,1.179,2.1,0.9,1.0
1776375927.788,68.4,50.000,50.000,100.000,24.164,29.458,-0.097,0.800,0.800,0.391,-0.432,1.179,2.1,0.9,1.0
1776375928.223,68.8,50.000,50.000,100.000,22.481,26.920,-0.108,0.800,0.800,0.300,-0.432,1.179,2.1,0.9,1.0
1776375928.656,69.2,50.000,50.000,100.000,20.799,24.380,-0.096,0.800,0.800,0.300,-0.432,1.179,2.1,0.9,1.0
1776375929.090,69.6,50.000,50.000,100.000,19.117,21.840,-0.106,0.800,0.800,0.300,-0.432,1.179,2.1,0.9,1.0
1776375929.525,70.0,50.000,50.000,100.000,17.434,19.299,-0.099,0.800,0.800,0.300,-0.432,1.179,2.1,0.9,1.0
1776375929.959,70.4,50.000,50.000,100.000,15.752,16.757,-0.112,0.800,0.800,0.300,-0.432,1.179,2.1,0.9,1.0
1776375930.395,70.8,50.000,50.000,100.000,14.069,14.216,-0.075,0.800,0.800,0.300,-0.432,1.179,2.1,0.9,1.0
1776375930.829,71.2,50.000,50.000,100.000,12.387,11.675,-0.074,0.800,0.800,0.324,-0.432,1.179,2.1,0.9,1.0
1776375931.263,71.6,50.000,50.000,100.000,10.705,9.133,-0.074,0.800,0.800,0.329,-0.432,1.179,2.1,0.9,1.0
1776375931.696,72.0,50.000,50.000,100.000,9.022,6.592,-0.071,0.800,0.800,0.314,-0.432,1.179,2.1,0.9,1.0
1776375932.132,72.4,50.000,50.000,100.000,7.340,4.050,-0.080,0.800,0.800,0.361,-0.432,1.179,2.1,0.9,1.0
1776375932.568,72.8,50.000,50.000,100.000,5.638,1.962,-0.081,0.800,0.800,0.300,-0.322,-1.454,2.1,0.9,1.0
1776375933.002,73.2,50.000,50.000,100.000,3.918,0.328,-0.081,0.800,0.800,0.300,-0.322,-1.454,2.1,0.9,1.0
1776375933.436,73.6,50.000,50.000,100.000,2.188,-0.899,-0.080,0.800,0.163,0.300,-0.322,-1.454,2.1,0.9,1.0
1776375933.908,74.0,50.000,50.000,100.000,0.452,-1.400,-0.075,0.800,0.160,0.300,-0.322,-1.454,2.1,0.9,1.0
1776375934.344,74.4,50.000,50.000,100.000,-0.918,-1.500,-0.075,-0.067,0.173,0.331,-0.322,-1.454,2.1,0.9,1.0
1776375934.768,74.8,50.000,50.000,100.000,-1.467,-1.407,-0.069,-0.074,0.190,0.309,-0.322,-1.454,2.1,0.9,1.0
1776375935.205,75.2,50.000,50.000,100.000,-1.582,-1.236,-0.082,-0.061,0.207,0.377,-0.322,-1.454,2.1,0.9,1.0
1776375935.637,75.6,50.000,50.000,100.000,-1.489,-1.044,-0.088,-0.043,0.223,0.300,-0.322,-1.454,2.1,0.9,1.0
1776375936.071,76.0,50.000,50.000,100.000,-1.310,-0.861,-0.100,-0.026,0.237,0.300,-0.322,-1.454,2.1,0.9,1.0
1776375936.505,76.4,50.000,50.000,100.000,-1.108,-0.698,-0.074,-0.009,0.249,0.300,-0.322,-1.454,2.1,0.9,1.0
1776375936.939,76.8,50.000,50.000,100.000,-0.914,-0.560,-0.073,0.005,0.258,0.300,-0.322,-1.454,2.1,0.9,1.0
1776375937.374,77.2,50.000,50.000,100.000,-0.742,-0.446,-0.069,0.017,0.266,0.300,-0.322,-1.454,2.1,0.9,1.0
1776375937.809,77.6,50.000,50.000,100.000,-0.596,-0.353,-0.066,0.027,0.272,0.321,-0.322,-1.454,2.1,0.9,1.0
1776375938.244,78.0,50.000,50.000,100.000,-0.474,-0.278,-0.069,0.035,0.277,0.339,-0.322,-1.454,2.1,0.9,1.0
1776375938.674,78.4,50.000,50.000,100.000,-0.376,-0.218,-0.062,0.041,0.281,0.300,-0.322,-1.454,2.1,0.9,1.0
1776375939.108,78.8,50.000,50.000,100.000,-0.296,-0.171,-0.074,0.046,0.284,0.369,-0.322,-1.454,2.1,0.9,1.0
1776375939.538,79.2,50.000,50.000,100.000,-0.233,-0.134,-0.077,0.050,0.286,0.300,-0.322,-1.454,2.1,0.9,1.0
1776375939.972,79.6,50.000,50.000,100.000,-0.183,-0.105,-0.083,0.053,0.288,0.300,-0.322,-1.454,2.1,0.9,1.0
1776375940.405,80.0,50.000,50.000,100.000,-0.143,-0.082,-0.095,0.056,0.290,0.300,-0.322,-1.454,2.1,0.9,1.0
1776375940.839,80.4,50.000,50.000,100.000,-0.112,-0.064,-0.069,0.058,0.291,0.300,-0.322,-1.454,2.1,0.9,1.0
1776375941.273,80.8,50.000,50.000,100.000,-0.087,-0.050,-0.068,0.059,0.292,0.300,-0.322,-1.454,2.1,0.9,1.0
1776375941.705,81.2,50.000,50.000,100.000,-0.068,-0.039,-0.064,0.060,0.293,0.300,-0.322,-1.454,2.1,0.9,1.0
1776375942.140,81.6,50.000,50.000,100.000,-0.053,-0.030,-0.058,0.061,0.293,0.311,-0.322,-1.454,2.1,0.9,1.0
1776375942.574,82.0,50.000,50.000,100.000,-0.042,-0.024,-0.070,0.062,0.294,0.372,-0.322,-1.454,2.1,0.9,1.0
1776375943.011,82.4,50.000,50.000,100.000,-0.032,-0.018,-0.075,0.062,0.294,0.300,-0.322,-1.454,2.1,0.9,1.0
1776375943.444,82.8,50.000,50.000,100.000,0.015,-0.015,-0.083,0.249,0.293,0.300,-1.231,-1.446,2.1,0.9,1.0
1776375943.878,83.2,50.000,50.000,100.000,0.042,-0.012,-0.090,0.254,0.293,0.300,-1.231,-1.446,2.1,0.9,1.0
1776375944.314,83.6,50.000,50.000,100.000,0.050,-0.009,-0.064,0.253,0.293,0.300,-1.231,-1.446,2.1,0.9,1.0
1776375944.744,84.0,50.000,50.000,100.000,0.050,-0.007,-0.063,0.253,0.293,0.300,-1.231,-1.446,2.1,0.9,1.0
1776375945.176,84.4,50.000,50.000,100.000,0.045,-0.006,-0.058,0.252,0.293,0.300,-1.231,-1.446,2.1,0.9,1.0
1776375945.610,84.8,50.569,45.043,100.000,0.982,-4.095,-0.055,-0.800,-0.800,0.318,-1.231,-1.446,2.1,0.9,1.0
1776375946.041,85.2,48.588,45.196,100.000,0.372,-2.206,-0.061,-0.459,-0.800,0.350,-1.231,-1.446,2.1,0.9,1.0
1776375946.478,85.6,46.823,46.108,100.000,0.112,0.062,-0.058,-0.146,0.800,0.300,-1.231,-1.446,2.1,0.9,1.0
1776375946.912,86.0,45.553,47.636,100.000,-0.008,1.751,-0.050,0.210,0.800,0.300,-1.231,-1.446,2.1,0.9,1.0
1776375947.346,86.4,44.977,49.537,100.000,-0.070,3.191,-0.067,0.590,0.800,0.389,-1.231,-1.446,2.1,0.9,1.0
1776375947.780,86.8,45.188,51.513,100.000,-0.076,4.380,-0.077,0.800,0.800,0.300,-1.231,-1.446,2.1,0.9,1.0
1776375948.215,87.2,46.151,53.250,100.000,0.175,5.162,-0.071,0.800,0.800,0.300,-1.231,-1.446,2.1,0.9,1.0
1776375948.648,87.6,47.715,54.476,100.000,0.766,5.342,-0.086,0.800,0.800,0.300,-1.231,-1.446,2.1,0.9,1.0
1776375949.081,88.0,49.632,54.995,100.000,1.576,4.771,-0.040,0.800,0.800,0.300,-1.231,-1.446,2.1,0.9,1.0
1776375949.512,88.4,51.601,54.727,100.000,2.365,3.388,-0.056,0.800,0.800,0.381,-1.231,-1.446,2.1,0.9,1.0
1776375949.947,88.8,53.310,53.713,100.000,2.858,1.246,-0.065,0.800,0.800,0.300,-1.231,-1.446,2.1,0.9,1.0
1776375950.381,89.2,54.489,52.115,100.000,2.802,-0.485,-0.081,0.800,-0.800,0.300,-1.231,-1.446,2.1,0.9,1.0
1776375950.817,89.6,54.952,50.183,100.000,2.020,-1.203,-0.034,0.800,-0.800,0.300,-1.231,-1.446,2.1,0.9,1.0
1776375951.253,90.0,54.627,48.223,100.000,0.444,-1.321,-0.055,0.800,-0.465,0.399,-1.231,-1.446,2.1,0.9,1.0
1776375951.686,90.4,53.563,46.544,100.000,-0.836,-1.219,-0.071,-0.800,-0.110,0.300,-1.231,-1.446,2.1,0.9,1.0
1776375952.121,90.8,51.931,45.413,100.000,-1.359,-1.057,-0.037,-0.800,0.269,0.300,-1.231,-1.446,2.1,0.9,1.0
1776375952.555,91.2,49.986,45.006,100.000,-1.495,-0.896,-0.034,-0.800,0.666,0.312,-1.231,-1.446,2.1,0.9,1.0
1776375952.991,91.6,48.037,45.388,100.000,-1.286,-0.693,-0.047,-0.625,0.800,0.369,-1.231,-1.446,2.1,0.9,1.0
1776375953.428,92.0,46.390,46.500,100.000,-0.990,-0.221,-0.052,-0.100,0.800,0.300,-1.231,-1.446,2.1,0.9,1.0
1776375953.861,92.4,45.306,48.165,100.000,-0.762,0.565,-0.059,0.279,0.800,0.300,-1.231,-1.446,2.1,0.9,1.0
1776375954.294,92.8,44.957,50.121,100.000,-0.692,1.467,-0.072,0.012,0.800,0.300,1.469,-0.596,2.1,0.9,1.0
1776375954.728,93.2,45.396,52.058,100.000,-0.685,2.103,-0.050,0.372,0.800,0.300,1.469,-0.596,2.1,0.9,1.0
1776375955.160,93.6,46.555,53.672,100.000,-0.660,2.275,-0.053,0.566,0.800,0.300,1.469,-0.596,2.1,0.9,1.0
1776375955.592,94.0,48.251,54.706,100.000,-0.634,1.794,-0.056,0.613,0.800,0.300,1.469,-0.596,2.1,0.9,1.0
1776375956.024,94.4,50.216,54.999,100.000,-0.614,0.534,-0.060,0.487,0.800,0.300,1.469,-0.596,2.1,0.9,1.0
1776375956.457,94.8,52.140,54.503,100.000,-0.588,-0.841,-0.069,0.230,-0.800,0.300,1.469,-0.596,2.1,0.9,1.0
1776375956.893,95.2,53.719,53.297,100.000,-0.541,-1.464,-0.072,-0.098,-0.800,0.300,1.469,-0.596,2.1,0.9,1.0
1776375957.328,95.6,54.704,51.572,100.000,-0.470,-1.819,-0.057,-0.466,-0.800,0.300,1.469,-0.596,2.1,0.9,1.0
1776375957.762,96.0,54.939,49.599,100.000,-0.395,-2.010,-0.065,-0.800,-0.800,0.300,1.469,-0.596,2.1,0.9,1.0
1776375958.197,96.4,54.387,47.690,100.000,-0.500,-1.922,-0.075,-0.800,-0.800,0.300,1.469,-0.596,2.1,0.9,1.0
1776375958.634,96.8,53.135,46.147,100.000,-0.978,-1.356,-0.039,-0.800,-0.800,0.300,1.469,-0.596,2.1,0.9,1.0
1776375959.069,97.2,51.382,45.214,100.000,-1.788,-0.638,-0.034,-0.800,0.267,0.307,1.469,-0.596,2.1,0.9,1.0
1776375959.503,97.6,49.403,45.036,100.000,-2.734,-0.270,-0.049,-0.800,0.645,0.382,1.469,-0.596,2.1,0.9,1.0
1776375959.935,98.0,47.512,45.644,100.000,-3.547,-0.059,-0.057,-0.800,0.800,0.300,1.469,-0.596,2.1,0.9,1.0
1776375960.369,98.4,46.006,46.939,100.000,-3.950,0.268,-0.071,-0.800,0.800,0.300,1.469,-0.596,2.1,0.9,1.0
1776375960.801,98.8,45.123,48.719,100.000,-3.716,0.780,-0.027,-0.800,0.800,0.300,1.469,-0.596,2.1,0.9,1.0
1776375961.236,99.2,45.004,50.703,100.000,-2.713,1.339,-0.041,-0.800,0.800,0.372,1.469,-0.596,2.1,0.9,1.0
1776375961.670,99.6,45.666,52.576,100.000,-0.925,1.706,-0.047,-0.800,0.800,0.300,1.469,-0.596,2.1,0.9,1.0
1776375962.103,100.0,47.006,54.043,100.000,0.618,1.625,-0.056,0.800,0.800,0.300,1.469,-0.596,2.1,0.9,1.0
1776375962.676,100.4,48.811,54.873,100.000,1.241,0.885,-0.066,0.800,0.800,0.300,1.469,-0.596,2.1,0.9,1.0
1776375963.111,100.8,50.796,54.934,100.000,1.334,-0.302,-0.034,0.618,-0.527,0.300,1.469,-0.596,2.1,0.9,1.0
1776375963.546,101.2,52.649,54.218,100.000,1.197,-0.847,-0.029,0.270,-0.800,0.300,1.469,-0.596,2.1,0.9,1.0
1776375963.983,101.6,54.077,52.836,100.000,1.010,-1.080,-0.039,-0.098,-0.800,0.363,1.469,-0.596,2.1,0.9,1.0
1776375964.416,102.0,54.854,51.008,100.000,0.837,-1.243,-0.042,-0.486,-0.800,0.300,1.469,-0.596,2.1,0.9,1.0
1776375964.848,102.4,54.857,49.021,100.000,0.683,-1.294,-0.044,-0.800,-0.800,0.300,1.469,-0.596,2.1,0.9,1.0
1776375965.285,102.8,54.087,47.190,100.000,0.386,-1.076,-0.047,-0.800,-0.800,0.300,0.433,0.782,2.1,0.9,1.0
1776375965.723,103.2,52.664,45.803,100.000,-0.027,-0.647,-0.052,-0.800,-0.504,0.300,0.433,0.782,2.1,0.9,1.0
1776375966.158,103.6,50.814,45.080,100.000,-0.545,-0.313,-0.062,-0.800,0.099,0.300,0.433,0.782,2.1,0.9,1.0
1776375966.594,104.0,48.828,45.134,100.000,-1.032,-0.157,-0.055,-0.800,0.433,0.300,0.433,0.782,2.1,0.9,1.0
1776375967.026,104.4,47.020,45.958,100.000,-1.254,-0.105,-0.069,-0.800,0.699,0.300,0.433,0.782,2.1,0.9,1.0
1776375967.459,104.8,45.675,47.421,100.000,-0.966,-0.103,-0.023,-0.800,0.800,0.300,0.433,0.782,2.1,0.9,1.0
1776375967.892,105.2,45.007,49.291,100.000,0.021,-0.108,-0.040,-0.800,0.800,0.385,0.433,0.782,2.1,0.9,1.0
1776375968.326,105.6,45.119,51.275,100.000,0.832,-0.183,-0.050,0.655,0.561,0.300,0.433,0.782,2.1,0.9,1.0
1776375968.759,106.0,45.995,53.058,100.000,1.124,-0.246,-0.054,0.800,0.229,0.300,0.433,0.782,2.1,0.9,1.0
1776375969.195,106.4,47.496,54.359,100.000,1.296,-0.261,-0.042,0.800,-0.128,0.300,0.433,0.782,2.1,0.9,1.0
1776375969.626,106.8,49.386,54.973,100.000,1.467,-0.235,-0.052,0.800,-0.498,0.300,0.433,0.782,2.1,0.9,1.0
1776375970.060,107.2,51.365,54.803,100.000,1.524,-0.194,-0.051,0.800,-0.800,0.300,0.433,0.782,2.1,0.9,1.0
1776375970.493,107.6,53.122,53.875,100.000,1.253,-0.303,-0.051,0.800,-0.800,0.300,0.433,0.782,2.1,0.9,1.0
1776375970.928,108.0,54.379,52.337,100.000,0.556,-0.699,-0.050,-0.126,-0.800,0.300,0.433,0.782,2.1,0.9,1.0
1776375971.364,108.4,54.937,50.430,100.000,0.126,-1.294,-0.052,-0.445,-0.800,0.300,0.433,0.782,2.1,0.9,1.0
1776375971.799,108.8,54.709,48.456,100.000,-0.065,-1.868,-0.045,-0.800,-0.800,0.300,0.433,0.782,2.1,0.9,1.0
1776375972.232,109.2,53.731,46.727,100.000,-0.236,-2.151,-0.059,-0.800,-0.800,0.300,0.433,0.782,2.1,0.9,1.0
1776375972.667,109.6,52.156,45.516,100.000,-0.584,-1.893,-0.021,-0.800,-0.800,0.300,0.433,0.782,2.1,0.9,1.0
1776375973.099,110.0,50.234,45.013,100.000,-1.063,-0.913,-0.023,-0.800,-0.800,0.335,0.433,0.782,2.1,0.9,1.0
1776375973.533,110.4,48.268,45.299,100.000,-1.471,0.489,-0.016,-0.800,0.655,0.300,0.433,0.782,2.1,0.9,1.0
1776375973.967,110.8,46.568,46.328,100.000,-1.553,1.132,-0.037,-0.800,0.800,0.400,0.433,0.782,2.1,0.9,1.0
1776375974.403,111.2,45.403,47.937,100.000,-1.070,1.427,-0.053,-0.800,0.800,0.300,0.433,0.782,2.1,0.9,1.0
1776375974.837,111.6,44.957,49.873,100.000,0.016,1.563,-0.015,0.484,0.800,0.300,0.433,0.782,2.1,0.9,1.0
1776375975.272,112.0,45.300,51.830,100.000,0.623,1.466,-0.018,0.718,0.800,0.332,0.433,0.782,2.1,0.9,1.0
1776375975.706,112.4,46.378,53.499,100.000,0.857,0.976,-0.013,0.800,0.470,0.307,0.433,0.782,2.1,0.9,1.0
1776375976.142,112.8,48.020,54.616,100.000,1.034,0.547,-0.030,0.800,-0.195,0.383,0.433,0.782,2.1,0.9,1.0
1776375976.575,113.2,49.969,55.006,100.000,1.292,0.430,-0.040,0.800,-0.113,0.300,-0.147,-1.354,2.1,0.9,1.0
1776375977.010,113.6,51.915,54.606,100.000,1.479,0.367,-0.051,0.800,-0.412,0.300,-0.147,-1.354,2.1,0.9,1.0
1776375977.442,114.0,53.551,53.480,100.000,1.321,0.345,-0.021,0.800,-0.615,0.300,-0.147,-1.354,2.1,0.9,1.0
1776375977.931,114.4,54.620,51.805,100.000,0.609,0.348,-0.017,0.399,-0.670,0.300,-0.147,-1.354,2.1,0.9,1.0
1776375978.374,114.8,54.953,49.846,100.000,0.066,0.368,-0.024,-0.436,-0.545,0.346,-0.147,-1.354,2.1,0.9,1.0
1776375978.810,115.2,54.496,47.913,100.000,-0.164,0.385,-0.021,-0.768,-0.284,0.300,-0.147,-1.354,2.1,0.9,1.0
1776375979.244,115.6,53.323,46.310,100.000,-0.292,0.378,-0.019,-0.800,0.046,0.319,-0.147,-1.354,2.1,0.9,1.0
1776375979.676,116.0,51.618,45.290,100.000,-0.499,0.341,-0.025,-0.800,0.413,0.345,-0.147,-1.354,2.1,0.9,1.0
1776375980.109,116.4,49.650,45.015,100.000,-0.733,0.287,-0.022,-0.800,0.800,0.300,-0.147,-1.354,2.1,0.9,1.0
1776375980.543,116.8,47.731,45.528,100.000,-0.795,0.363,-0.022,-0.800,0.800,0.327,-0.147,-1.354,2.1,0.9,1.0
1776375980.976,117.2,46.163,46.748,100.000,-0.442,0.786,-0.021,-0.800,0.800,0.322,-0.147,-1.354,2.1,0.9,1.0
1776375981.412,117.6,45.193,48.482,100.000,0.080,1.535,-0.023,0.202,0.800,0.335,-0.147,-1.354,2.1,0.9,1.0
1776375981.851,118.0,44.976,50.456,100.000,0.291,2.426,-0.017,0.564,0.800,0.300,-0.147,-1.354,2.1,0.9,1.0
1776375982.283,118.4,45.544,52.360,100.000,0.350,3.195,-0.036,0.800,0.800,0.394,-0.147,-1.354,2.1,0.9,1.0
1776375982.798,118.8,46.809,53.892,100.000,0.475,3.565,-0.049,0.800,0.800,0.300,-0.147,-1.354,2.1,0.9,1.0
1776375983.234,119.2,48.571,54.810,100.000,0.765,3.308,-0.029,0.800,0.800,0.300,-0.147,-1.354,2.1,0.9,1.0
1776375983.670,119.6,50.551,54.970,100.000,1.100,2.285,-0.032,0.800,0.800,0.300,-0.147,-1.354,2.1,0.9,1.0
1776375984.106,120.0,52.437,54.346,100.000,1.251,0.474,-0.036,0.800,0.800,0.300,-0.147,-1.354,2.1,0.9,1.0
1776375984.540,120.4,53.932,53.037,100.000,0.962,-0.811,-0.042,0.800,-0.800,0.300,-0.147,-1.354,2.1,0.9,1.0
1776375984.976,120.8,54.798,51.249,100.000,0.118,-1.328,-0.053,-0.257,-0.800,0.300,-0.147,-1.354,2.1,0.9,1.0
1776375985.409,121.2,54.900,49.265,100.000,-0.386,-1.389,-0.041,-0.573,-0.800,0.300,-0.147,-1.354,2.1,0.9,1.0
1776375985.844,121.6,54.221,47.398,100.000,-0.567,-1.187,-0.052,-0.800,-0.308,0.300,-0.147,-1.354,2.1,0.9,1.0
1776375986.278,122.0,52.869,45.942,100.000,-0.710,-0.970,-0.041,-0.800,0.061,0.300,-0.147,-1.354,2.1,0.9,1.0
1776375986.714,122.4,51.057,45.129,100.000,-0.939,-0.787,-0.052,-0.800,0.446,0.300,-0.147,-1.354,2.1,0.9,1.0
1776375987.152,122.8,49.070,45.085,100.000,-1.147,-0.637,-0.041,-0.800,0.800,0.300,-0.147,-1.354,2.1,0.9,1.0
1776375987.585,123.2,47.224,45.818,100.000,-0.991,-0.620,-0.052,-0.800,0.707,0.300,-1.271,1.098,2.1,0.9,1.0
1776375988.018,123.6,45.809,47.212,100.000,-0.260,-0.670,-0.042,0.239,0.689,0.300,-1.271,1.098,2.1,0.9,1.0
1776375988.455,124.0,45.048,49.047,100.000,0.182,-0.679,-0.054,0.551,0.670,0.300,-1.271,1.098,2.1,0.9,1.0
1776375988.888,124.4,45.062,51.034,100.000,0.380,-0.670,-0.035,0.800,0.477,0.300,-1.271,1.098,2.1,0.9,1.0
1776375989.323,124.8,45.849,52.858,100.000,0.674,-0.639,-0.039,0.800,0.180,0.300,-1.271,1.098,2.1,0.9,1.0
1776375989.758,125.2,47.284,54.232,100.000,1.262,-0.577,-0.047,0.800,-0.166,0.300,-1.271,1.098,2.1,0.9,1.0
1776375990.188,125.6,49.140,54.939,100.000,2.086,-0.491,-0.061,0.800,-0.538,0.300,-1.271,1.098,2.1,0.9,1.0
1776375990.621,126.0,51.126,54.867,100.000,2.942,-0.411,-0.014,0.800,-0.800,0.300,-1.271,1.098,2.1,0.9,1.0
1776375991.137,126.4,52.926,54.027,100.000,3.562,-0.540,-0.035,0.800,-0.800,0.398,-1.271,1.098,2.1,0.9,1.0
1776375991.569,126.8,54.258,52.553,100.000,3.687,-1.009,-0.049,0.800,-0.800,0.300,-1.271,1.098,2.1,0.9,1.0
1776375992.067,127.2,54.910,50.676,100.000,3.119,-1.726,-0.020,0.800,-0.800,0.300,-1.271,1.098,2.1,0.9,1.0
1776375992.636,127.6,54.910,50.676,100.000,1.892,-0.590,-0.016,0.800,-0.175,0.300,-1.271,1.098,2.1,0.9,1.0
1776375993.072,128.0,54.910,50.676,100.000,0.661,0.032,-0.023,0.800,-0.187,0.346,-1.271,1.098,2.1,0.9,1.0
1776375993.509,128.4,54.910,50.676,100.000,-0.572,0.312,-0.020,0.800,-0.183,0.300,-1.271,1.098,2.1,0.9,1.0
1776375993.943,128.8,54.910,50.676,100.000,-1.297,0.411,-0.019,0.120,-0.185,0.320,-1.271,1.098,2.1,0.9,1.0
1776375994.379,129.2,54.910,50.676,100.000,-1.507,0.418,-0.024,0.130,-0.189,0.342,-1.271,1.098,2.1,0.9,1.0
1776375994.815,129.6,54.910,50.676,100.000,-1.465,0.383,-0.020,0.146,-0.194,0.300,-1.271,1.098,2.1,0.9,1.0
1776375995.247,130.0,54.910,50.676,100.000,-1.311,0.331,-0.026,0.164,-0.198,0.347,-1.271,1.098,2.1,0.9,1.0
1776375995.682,130.4,54.910,50.676,100.000,-1.120,0.278,-0.023,0.180,-0.203,0.300,-1.271,1.098,2.1,0.9,1.0
1776375996.114,130.8,54.910,50.676,100.000,-0.930,0.228,-0.020,0.195,-0.206,0.316,-1.271,1.098,2.1,0.9,1.0
1776375996.549,131.2,54.910,50.676,100.000,-0.759,0.184,-0.028,0.207,-0.209,0.355,-1.271,1.098,2.1,0.9,1.0
1776375996.983,131.6,54.910,50.676,100.000,-0.611,0.147,-0.028,0.217,-0.212,0.300,-1.271,1.098,2.1,0.9,1.0
1776375997.419,132.0,54.910,50.676,100.000,-0.487,0.117,-0.024,0.225,-0.214,0.300,-1.271,1.098,2.1,0.9,1.0
1776375997.854,132.4,54.910,50.676,100.000,-0.386,0.092,-0.024,0.232,-0.216,0.327,-1.271,1.098,2.1,0.9,1.0
1776375998.286,132.8,54.910,50.676,100.000,-0.305,0.073,-0.022,0.237,-0.217,0.322,-1.271,1.098,2.1,0.9,1.0
1776375998.722,133.2,54.910,50.676,100.000,-0.288,0.130,-0.025,-0.115,0.319,0.336,0.191,-1.105,2.1,0.9,1.0
1776375999.157,133.6,54.910,50.676,100.000,-0.281,0.185,-0.018,-0.059,0.240,0.300,0.191,-1.105,2.1,0.9,1.0
1776375999.591,134.0,54.910,50.676,100.000,-0.252,0.194,-0.036,-0.056,0.238,0.390,0.191,-1.105,2.1,0.9,1.0
1776376000.025,134.4,54.910,50.676,100.000,-0.216,0.180,-0.048,-0.053,0.236,0.300,0.191,-1.105,2.1,0.9,1.0
1776376000.455,134.8,54.910,50.676,100.000,-0.180,0.157,-0.038,-0.050,0.234,0.300,0.191,-1.105,2.1,0.9,1.0
1776376000.889,135.2,54.910,50.676,100.000,-0.147,0.132,-0.050,-0.048,0.232,0.300,0.191,-1.105,2.1,0.9,1.0
1776376001.321,135.6,54.910,50.676,100.000,-0.118,0.108,-0.034,-0.046,0.230,0.300,0.191,-1.105,2.1,0.9,1.0
1776376001.758,136.0,54.910,50.676,100.000,-0.094,0.088,-0.040,-0.044,0.228,0.300,0.191,-1.105,2.1,0.9,1.0
1776376002.193,136.4,54.910,50.676,100.000,-0.075,0.070,-0.051,-0.043,0.227,0.300,0.191,-1.105,2.1,0.9,1.0
1776376002.767,136.8,54.910,50.676,100.000,-0.059,0.056,-0.040,-0.042,0.226,0.300,0.191,-1.105,2.1,0.9,1.0
1776376003.205,137.2,54.910,50.676,100.000,-0.046,0.044,-0.050,-0.041,0.226,0.300,0.191,-1.105,2.1,0.9,1.0
1776376003.672,137.6,54.910,50.676,100.000,-0.036,0.035,-0.045,-0.040,0.225,0.300,0.191,-1.105,2.1,0.9,1.0
1776376004.108,138.0,54.910,50.676,100.000,-0.029,0.027,-0.060,-0.040,0.224,0.300,0.191,-1.105,2.1,0.9,1.0
1776376004.538,138.4,54.910,50.676,100.000,-0.022,0.021,-0.012,-0.040,0.224,0.300,0.191,-1.105,2.1,0.9,1.0
1776376004.975,138.8,54.910,50.676,100.000,-0.017,0.017,-0.034,-0.039,0.224,0.403,0.191,-1.105,2.1,0.9,1.0
1776376005.412,139.2,54.910,50.676,100.000,-0.014,0.013,-0.051,-0.039,0.224,0.300,0.191,-1.105,2.1,0.9,1.0
1776376005.845,139.6,54.910,50.676,100.000,-0.011,0.010,-0.007,-0.039,0.223,0.300,0.191,-1.105,2.1,0.9,1.0
1776376006.281,140.0,54.910,50.676,100.000,-0.008,0.008,-0.026,-0.039,0.223,0.389,0.191,-1.105,2.1,0.9,1.0
1776376006.714,140.4,54.910,50.676,100.000,-0.006,0.006,-0.039,-0.039,0.223,0.300,0.191,-1.105,2.1,0.9,1.0
1776376007.147,140.8,54.910,50.676,100.000,-0.005,0.005,-0.035,-0.039,0.223,0.300,0.191,-1.105,2.1,0.9,1.0
1776376007.582,141.2,54.910,50.676,100.000,-0.004,0.004,-0.052,-0.038,0.223,0.300,0.191,-1.105,2.1,0.9,1.0
1776376008.016,141.6,54.910,50.676,100.000,-0.003,0.003,-0.008,-0.038,0.223,0.300,0.191,-1.105,2.1,0.9,1.0
1776376008.448,142.0,54.910,50.676,100.000,-0.002,0.002,-0.027,-0.038,0.223,0.387,0.191,-1.105,2.1,0.9,1.0
1776376008.882,142.4,54.910,50.676,100.000,-0.002,0.002,-0.039,-0.038,0.223,0.300,0.191,-1.105,2.1,0.9,1.0
1776376009.315,142.8,54.910,50.676,100.000,-0.001,0.001,-0.039,-0.038,0.223,0.300,0.191,-1.105,2.1,0.9,1.0
1776376009.750,143.2,54.910,50.676,100.000,-0.013,-0.040,-0.044,-0.038,0.223,0.300,0.772,0.974,2.1,0.9,1.0
1776376010.211,143.6,54.910,50.676,100.000,-0.035,-0.121,-0.032,-0.159,-0.209,0.300,0.772,0.974,2.1,0.9,1.0
1776376010.677,144.0,54.910,50.676,100.000,-0.042,-0.147,-0.042,-0.159,-0.209,0.300,0.772,0.974,2.1,0.9,1.0
1776376011.106,144.4,54.910,50.676,100.000,-0.041,-0.146,-0.049,-0.158,-0.207,0.300,0.772,0.974,2.1,0.9,1.0
1776376011.541,144.8,54.910,50.676,100.000,-0.037,-0.132,-0.030,-0.158,-0.206,0.300,0.772,0.974,2.1,0.9,1.0
1776376011.972,145.2,54.910,50.676,100.000,-0.032,-0.113,-0.034,-0.157,-0.204,0.300,0.772,0.974,2.1,0.9,1.0
1776376012.409,145.6,54.910,50.676,100.000,-0.027,-0.094,-0.040,-0.157,-0.202,0.300,0.772,0.974,2.1,0.9,1.0
1776376012.847,146.0,54.910,50.676,100.000,-0.022,-0.077,-0.050,-0.156,-0.201,0.300,0.772,0.974,2.1,0.9,1.0
1776376013.282,146.4,54.910,50.676,100.000,-0.017,-0.062,-0.046,-0.156,-0.200,0.300,0.772,0.974,2.1,0.9,1.0
1776376013.716,146.8,54.910,50.676,100.000,-0.014,-0.050,-0.056,-0.156,-0.199,0.300,0.772,0.974,2.1,0.9,1.0
1776376014.152,147.2,54.910,50.676,100.000,-0.011,-0.039,-0.025,-0.156,-0.199,0.300,0.772,0.974,2.1,0.9,1.0
1776376014.587,147.6,54.910,50.676,100.000,-0.009,-0.031,-0.021,-0.156,-0.198,0.300,0.772,0.974,2.1,0.9,1.0
1776376015.024,148.0,54.910,50.676,100.000,-0.007,-0.024,-0.026,-0.155,-0.198,0.345,0.772,0.974,2.1,0.9,1.0
1776376015.456,148.4,54.910,50.676,100.000,-0.005,-0.019,-0.022,-0.155,-0.197,0.300,0.772,0.974,2.1,0.9,1.0
1776376015.890,148.8,54.910,50.676,100.000,-0.004,-0.015,-0.024,-0.155,-0.197,0.331,0.772,0.974,2.1,0.9,1.0
1776376016.323,149.2,54.910,50.676,100.000,-0.003,-0.012,-0.019,-0.155,-0.197,0.309,0.772,0.974,2.1,0.9,1.0
1776376016.756,149.6,54.910,50.676,100.000,-0.003,-0.009,-0.033,-0.155,-0.197,0.377,0.772,0.974,2.1,0.9,1.0
1776376017.191,150.0,54.910,50.676,100.000,-0.002,-0.007,-0.040,-0.155,-0.197,0.300,0.772,0.974,2.1,0.9,1.0
1776376017.624,150.4,54.910,50.676,100.000,-0.002,-0.006,-0.053,-0.155,-0.197,0.300,0.772,0.974,2.1,0.9,1.0
1776376018.060,150.8,54.910,50.676,100.000,-0.001,-0.004,-0.029,-0.155,-0.196,0.300,0.772,0.974,2.1,0.9,1.0
1776376018.492,151.2,54.910,50.676,100.000,-0.001,-0.003,-0.029,-0.155,-0.196,0.300,0.772,0.974,2.1,0.9,1.0
1776376018.927,151.6,54.910,50.676,100.000,-0.001,-0.003,-0.028,-0.155,-0.196,0.300,0.772,0.974,2.1,0.9,1.0
1776376019.363,152.0,54.910,50.676,100.000,-0.001,-0.002,-0.022,-0.155,-0.196,0.300,0.772,0.974,2.1,0.9,1.0
1776376019.797,152.4,54.910,50.676,100.000,-0.000,-0.002,-0.032,-0.155,-0.196,0.364,0.772,0.974,2.1,0.9,1.0
1776376020.232,152.8,54.910,50.676,100.000,-0.000,-0.001,-0.035,-0.155,-0.196,0.300,0.772,0.974,2.1,0.9,1.0
1776376020.667,153.2,54.910,50.676,100.000,-0.000,-0.001,-0.038,-0.155,-0.196,0.300,0.772,0.974,2.1,0.9,1.0
1776376021.102,153.6,54.910,50.676,100.000,0.112,-0.015,-0.043,0.293,-0.251,0.300,-1.371,1.234,2.1,0.9,1.0
1776376021.534,154.0,54.910,50.676,100.000,0.150,-0.019,-0.052,0.292,-0.251,0.300,-1.371,1.234,2.1,0.9,1.0
1776376021.968,154.4,54.910,50.676,100.000,0.153,-0.019,-0.051,0.290,-0.251,0.300,-1.371,1.234,2.1,0.9,1.0
1776376022.400,154.8,54.910,50.676,100.000,0.141,-0.018,-0.049,0.288,-0.251,0.300,-1.371,1.234,2.1,0.9,1.0
1776376022.834,155.2,54.910,50.676,100.000,0.122,-0.015,-0.053,0.286,-0.251,0.300,-1.371,1.234,2.1,0.9,1.0
1776376023.267,155.6,54.910,50.676,100.000,0.102,-0.013,-0.040,0.285,-0.250,0.300,-1.371,1.234,2.1,0.9,1.0
1776376023.701,156.0,54.910,50.676,100.000,0.084,-0.011,-0.049,0.284,-0.250,0.300,-1.371,1.234,2.1,0.9,1.0
1776376024.136,156.4,54.910,50.676,100.000,0.068,-0.009,-0.051,0.282,-0.250,0.300,-1.371,1.234,2.1,0.9,1.0
1776376024.568,156.8,54.910,50.676,100.000,0.054,-0.007,-0.042,0.281,-0.250,0.300,-1.371,1.234,2.1,0.9,1.0
1776376025.004,157.2,54.910,50.676,100.000,0.043,-0.005,-0.055,0.281,-0.250,0.300,-1.371,1.234,2.1,0.9,1.0
1776376025.441,157.6,54.910,50.676,100.000,0.034,-0.004,-0.030,0.280,-0.250,0.300,-1.371,1.234,2.1,0.9,1.0
1776376025.877,158.0,54.910,50.676,100.000,0.027,-0.003,-0.030,0.280,-0.250,0.300,-1.371,1.234,2.1,0.9,1.0
1776376026.312,158.4,54.910,50.676,100.000,0.021,-0.003,-0.028,0.279,-0.250,0.300,-1.371,1.234,2.1,0.9,1.0
1776376026.746,158.8,54.910,50.676,100.000,0.016,-0.002,-0.020,0.279,-0.250,0.300,-1.371,1.234,2.1,0.9,1.0
1776376027.178,159.2,54.910,50.676,100.000,0.013,-0.002,-0.039,0.279,-0.250,0.395,-1.371,1.234,2.1,0.9,1.0
1776376027.615,159.6,54.910,50.676,100.000,0.010,-0.001,-0.052,0.278,-0.250,0.300,-1.371,1.234,2.1,0.9,1.0
1776376028.049,160.0,54.910,50.676,100.000,0.008,-0.001,-0.029,0.278,-0.250,0.300,-1.371,1.234,2.1,0.9,1.0
1776376028.482,160.4,54.910,50.676,100.000,0.006,-0.001,-0.030,0.278,-0.250,0.300,-1.371,1.234,2.1,0.9,1.0
1776376028.916,160.8,54.910,50.676,100.000,0.005,-0.001,-0.029,0.278,-0.250,0.300,-1.371,1.234,2.1,0.9,1.0
1776376029.354,161.2,54.910,50.676,100.000,0.004,-0.000,-0.026,0.278,-0.250,0.300,-1.371,1.234,2.1,0.9,1.0
1776376029.786,161.6,54.910,50.676,100.000,0.003,-0.000,-0.021,0.278,-0.249,0.311,-1.371,1.234,2.1,0.9,1.0
1776376030.220,162.0,54.910,50.676,100.000,0.002,-0.000,-0.033,0.278,-0.249,0.370,-1.371,1.234,2.1,0.9,1.0
1776376030.655,162.4,54.910,50.676,100.000,0.002,-0.000,-0.038,0.278,-0.249,0.300,-1.371,1.234,2.1,0.9,1.0
1776376031.088,162.8,54.910,50.676,100.000,0.001,-0.000,-0.046,0.278,-0.249,0.300,-1.371,1.234,2.1,0.9,1.0
1776376031.524,163.2,54.910,50.676,100.000,0.001,-0.000,-0.060,0.278,-0.249,0.300,-1.371,1.234,2.1,0.9,1.0
1776376031.962,163.6,54.910,50.676,100.000,-0.028,0.114,-0.016,0.145,0.285,0.300,-0.725,-1.372,2.1,0.9,1.0
1776376032.397,164.0,54.910,50.676,100.000,-0.044,0.176,-0.029,0.141,0.295,0.369,-0.725,-1.372,2.1,0.9,1.0
1776376032.827,164.4,54.910,50.676,100.000,-0.047,0.188,-0.034,0.142,0.293,0.300,-0.725,-1.372,2.1,0.9,1.0
1776376033.259,164.8,54.910,50.676,100.000,-0.044,0.176,-0.041,0.142,0.291,0.300,-0.725,-1.372,2.1,0.9,1.0
1776376033.697,165.2,54.910,50.676,100.000,-0.039,0.155,-0.055,0.143,0.289,0.300,-0.725,-1.372,2.1,0.9,1.0
1776376034.133,165.6,54.910,50.676,100.000,-0.033,0.131,-0.026,0.143,0.287,0.300,-0.725,-1.372,2.1,0.9,1.0
1776376034.568,166.0,54.910,50.676,100.000,-0.027,0.108,-0.024,0.144,0.285,0.300,-0.725,-1.372,2.1,0.9,1.0
1776376035.001,166.4,54.910,50.676,100.000,-0.022,0.087,-0.018,0.144,0.284,0.307,-0.725,-1.372,2.1,0.9,1.0
1776376035.435,166.8,54.910,50.676,100.000,-0.017,0.070,-0.034,0.144,0.283,0.382,-0.725,-1.372,2.1,0.9,1.0
1776376035.871,167.2,54.910,50.676,100.000,-0.014,0.056,-0.043,0.145,0.282,0.300,-0.725,-1.372,2.1,0.9,1.0
1776376036.304,167.6,54.910,50.676,100.000,-0.011,0.044,-0.056,0.145,0.281,0.300,-0.725,-1.372,2.1,0.9,1.0
1776376036.736,168.0,54.910,50.676,100.000,-0.009,0.035,-0.018,0.145,0.280,0.300,-0.725,-1.372,2.1,0.9,1.0
1776376037.169,168.4,54.910,50.676,100.000,-0.007,0.027,-0.020,0.145,0.280,0.331,-0.725,-1.372,2.1,0.9,1.0
1776376037.601,168.8,54.910,50.676,100.000,-0.005,0.021,-0.016,0.145,0.279,0.309,-0.725,-1.372,2.1,0.9,1.0
1776376038.036,169.2,54.910,50.676,100.000,-0.004,0.017,-0.030,0.145,0.279,0.376,-0.725,-1.372,2.1,0.9,1.0
1776376038.474,169.6,54.910,50.676,100.000,-0.003,0.013,-0.037,0.145,0.279,0.300,-0.725,-1.372,2.1,0.9,1.0
1776376038.911,170.0,54.910,50.676,100.000,-0.003,0.010,-0.049,0.145,0.279,0.300,-0.725,-1.372,2.1,0.9,1.0
1776376039.345,170.4,54.910,50.676,100.000,-0.002,0.008,-0.035,0.145,0.278,0.300,-0.725,-1.372,2.1,0.9,1.0
1776376039.776,170.8,54.910,50.676,100.000,-0.002,0.006,-0.044,0.145,0.278,0.300,-0.725,-1.372,2.1,0.9,1.0
1776376040.209,171.2,54.910,50.676,100.000,-0.001,0.005,-0.057,0.145,0.278,0.300,-0.725,-1.372,2.1,0.9,1.0
1776376040.643,171.6,54.910,50.676,100.000,-0.001,0.004,-0.017,0.145,0.278,0.300,-0.725,-1.372,2.1,0.9,1.0
1776376041.081,172.0,54.910,50.676,100.000,-0.001,0.003,-0.022,0.145,0.278,0.342,-0.725,-1.372,2.1,0.9,1.0
1776376041.514,172.4,54.910,50.676,100.000,-0.001,0.002,-0.019,0.145,0.278,0.300,-0.725,-1.372,2.1,0.9,1.0
1776376041.948,172.8,54.910,50.676,100.000,-0.000,0.002,-0.025,0.145,0.278,0.347,-0.725,-1.372,2.1,0.9,1.0
1776376042.381,173.2,54.910,50.676,100.000,-0.000,0.001,-0.022,0.146,0.278,0.300,-0.725,-1.372,2.1,0.9,1.0
1776376042.813,173.6,54.910,50.676,100.000,0.007,-0.033,-0.020,0.200,0.026,0.318,-0.947,-0.336,2.1,0.9,1.0
1776376043.245,174.0,54.910,50.676,100.000,0.014,-0.066,-0.026,0.192,0.061,0.349,-0.947,-0.336,2.1,0.9,1.0
1776376043.679,174.4,54.910,50.676,100.000,0.016,-0.074,-0.024,0.192,0.061,0.300,-0.947,-0.336,2.1,0.9,1.0
1776376044.111,174.8,54.910,50.676,100.000,0.015,-0.072,-0.017,0.192,0.062,0.303,-0.947,-0.336,2.1,0.9,1.0
1776376044.544,175.2,54.910,50.676,100.000,0.014,-0.064,-0.037,0.192,0.063,0.396,-0.947,-0.336,2.1,0.9,1.0
1776376044.979,175.6,54.910,50.676,100.000,0.012,-0.054,-0.051,0.191,0.064,0.300,-0.947,-0.336,2.1,0.9,1.0
1776376045.413,176.0,54.910,50.676,100.000,0.010,-0.045,-0.026,0.191,0.064,0.300,-0.947,-0.336,2.1,0.9,1.0
1776376045.845,176.4,54.910,50.676,100.000,0.008,-0.037,-0.026,0.191,0.065,0.300,-0.947,-0.336,2.1,0.9,1.0
1776376046.279,176.8,54.910,50.676,100.000,0.006,-0.029,-0.023,0.191,0.065,0.300,-0.947,-0.336,2.1,0.9,1.0
1776376046.713,177.2,54.910,50.676,100.000,0.005,-0.024,-0.021,0.191,0.066,0.320,-0.947,-0.336,2.1,0.9,1.0
1776376047.148,177.6,54.910,50.676,100.000,0.004,-0.019,-0.026,0.191,0.066,0.343,-0.947,-0.336,2.1,0.9,1.0
1776376047.580,178.0,54.910,50.676,100.000,0.003,-0.015,-0.021,0.191,0.066,0.300,-0.947,-0.336,2.1,0.9,1.0
1776376048.017,178.4,54.910,50.676,100.000,0.002,-0.012,-0.026,0.191,0.067,0.345,-0.947,-0.336,2.1,0.9,1.0
1776376048.452,178.8,54.910,50.676,100.000,0.002,-0.009,-0.023,0.191,0.067,0.300,-0.947,-0.336,2.1,0.9,1.0
1776376048.886,179.2,54.910,50.676,100.000,0.002,-0.007,-0.023,0.191,0.067,0.327,-0.947,-0.336,2.1,0.9,1.0
1776376049.320,179.6,54.910,50.676,100.000,0.001,-0.006,-0.021,0.191,0.067,0.321,-0.947,-0.336,2.1,0.9,1.0
1776376049.749,180.0,54.910,50.676,100.000,0.001,-0.004,-0.025,0.191,0.067,0.339,-0.947,-0.336,2.1,0.9,1.0
1776376050.183,180.4,54.910,50.676,100.000,0.001,-0.003,-0.019,0.191,0.067,0.300,-0.947,-0.336,2.1,0.9,1.0
1776376050.616,180.8,54.910,50.676,100.000,0.001,-0.003,-0.032,0.191,0.067,0.371,-0.947,-0.336,2.1,0.9,1.0
1776376051.051,181.2,54.910,50.676,100.000,0.000,-0.002,-0.037,0.191,0.067,0.300,-0.947,-0.336,2.1,0.9,1.0
1776376051.486,181.6,54.910,50.676,100.000,0.000,-0.002,-0.046,0.191,0.067,0.300,-0.947,-0.336,2.1,0.9,1.0
1776376051.923,182.0,54.910,50.676,100.000,0.000,-0.001,-0.058,0.191,0.067,0.300,-0.947,-0.336,2.1,0.9,1.0
1776376052.356,182.4,54.910,50.676,100.000,0.000,-0.001,-0.019,0.191,0.067,0.300,-0.947,-0.336,2.1,0.9,1.0
1776376052.790,182.8,54.910,50.676,100.000,0.000,-0.001,-0.022,0.191,0.067,0.336,-0.947,-0.336,2.1,0.9,1.0
1776376053.225,183.2,54.910,50.676,100.000,0.000,-0.001,-0.016,0.191,0.067,0.300,-0.947,-0.336,2.1,0.9,1.0
1776376053.656,183.6,54.910,50.676,100.000,-0.038,0.022,-0.035,0.191,0.067,0.393,0.962,-1.474,2.1,0.9,1.0
1776376054.090,184.0,54.910,50.676,100.000,-0.112,0.067,-0.048,-0.206,0.307,0.300,0.962,-1.474,2.1,0.9,1.0
1776376054.524,184.4,54.910,50.676,100.000,-0.136,0.082,-0.031,-0.205,0.306,0.300,0.962,-1.474,2.1,0.9,1.0
1776376054.960,184.8,54.910,50.676,100.000,-0.134,0.081,-0.038,-0.204,0.306,0.300,0.962,-1.474,2.1,0.9,1.0
1776376055.391,185.2,54.910,50.676,100.000,-0.121,0.073,-0.049,-0.202,0.305,0.300,0.962,-1.474,2.1,0.9,1.0
1776376055.825,185.6,54.910,50.676,100.000,-0.104,0.063,-0.040,-0.201,0.304,0.300,0.962,-1.474,2.1,0.9,1.0
1776376056.262,186.0,54.910,50.676,100.000,-0.087,0.052,-0.053,-0.199,0.303,0.300,0.962,-1.474,2.1,0.9,1.0
1776376056.693,186.4,54.910,50.676,100.000,-0.071,0.043,-0.030,-0.198,0.302,0.300,0.962,-1.474,2.1,0.9,1.0
1776376057.129,186.8,54.910,50.676,100.000,-0.057,0.034,-0.031,-0.197,0.301,0.300,0.962,-1.474,2.1,0.9,1.0
1776376057.566,187.2,54.910,50.676,100.000,-0.046,0.027,-0.032,-0.197,0.301,0.300,0.962,-1.474,2.1,0.9,1.0
1776376058.004,187.6,54.910,50.676,100.000,-0.036,0.022,-0.030,-0.196,0.301,0.300,0.962,-1.474,2.1,0.9,1.0
1776376058.437,188.0,54.910,50.676,100.000,-0.029,0.017,-0.025,-0.195,0.300,0.300,0.962,-1.474,2.1,0.9,1.0
1776376058.871,188.4,54.910,50.676,100.000,-0.022,0.014,-0.029,-0.195,0.300,0.344,0.962,-1.474,2.1,0.9,1.0
1776376059.308,188.8,54.910,50.676,100.000,-0.018,0.011,-0.025,-0.195,0.300,0.300,0.962,-1.474,2.1,0.9,1.0
1776376059.746,189.2,54.910,50.676,100.000,-0.014,0.008,-0.027,-0.195,0.300,0.337,0.962,-1.474,2.1,0.9,1.0
1776376060.179,189.6,54.910,50.676,100.000,-0.011,0.006,-0.020,-0.194,0.300,0.300,0.962,-1.474,2.1,0.9,1.0
1776376060.611,190.0,54.910,50.676,100.000,-0.008,0.005,-0.036,-0.194,0.300,0.384,0.962,-1.474,2.1,0.9,1.0
1776376061.042,190.4,54.910,50.676,100.000,-0.007,0.004,-0.045,-0.194,0.299,0.300,0.962,-1.474,2.1,0.9,1.0
1776376061.479,190.8,54.910,50.676,100.000,-0.005,0.003,-0.053,-0.194,0.299,0.300,0.962,-1.474,2.1,0.9,1.0
1776376061.913,191.2,54.910,50.676,100.000,-0.004,0.002,-0.029,-0.194,0.299,0.300,0.962,-1.474,2.1,0.9,1.0
1776376062.347,191.6,54.910,50.676,100.000,-0.003,0.002,-0.029,-0.194,0.299,0.300,0.962,-1.474,2.1,0.9,1.0
1776376062.780,192.0,54.910,50.676,100.000,-0.002,0.001,-0.027,-0.194,0.299,0.300,0.962,-1.474,2.1,0.9,1.0
1776376063.210,192.4,54.910,50.676,100.000,-0.002,0.001,-0.019,-0.194,0.299,0.300,0.962,-1.474,2.1,0.9,1.0
1776376063.646,192.8,54.910,50.676,100.000,-0.001,0.001,-0.038,-0.194,0.299,0.393,0.962,-1.474,2.1,0.9,1.0
1776376064.079,193.2,54.910,50.676,100.000,-0.001,0.001,-0.050,-0.194,0.299,0.300,0.962,-1.474,2.1,0.9,1.0
1776376064.508,193.6,54.910,50.676,100.000,-0.001,0.001,-0.034,-0.194,0.299,0.300,0.962,-1.474,2.1,0.9,1.0
1776376064.943,194.0,54.910,50.676,100.000,0.106,-0.132,-0.041,0.234,-0.230,0.300,-1.087,1.050,2.1,0.9,1.0
1776376065.376,194.4,54.910,50.676,100.000,0.142,-0.177,-0.053,0.232,-0.228,0.300,-1.087,1.050,2.1,0.9,1.0
1776376065.808,194.8,54.910,50.676,100.000,0.146,-0.181,-0.032,0.231,-0.226,0.300,-1.087,1.050,2.1,0.9,1.0
1776376066.245,195.2,54.910,50.676,100.000,0.134,-0.166,-0.036,0.229,-0.224,0.300,-1.087,1.050,2.1,0.9,1.0
1776376066.680,195.6,54.910,50.676,100.000,0.116,-0.144,-0.041,0.227,-0.222,0.300,-1.087,1.050,2.1,0.9,1.0
1776376067.115,196.0,54.910,50.676,100.000,0.097,-0.121,-0.049,0.226,-0.220,0.300,-1.087,1.050,2.1,0.9,1.0
1776376067.549,196.4,54.910,50.676,100.000,0.080,-0.099,-0.056,0.224,-0.218,0.300,-1.087,1.050,2.1,0.9,1.0
1776376067.981,196.8,54.910,50.676,100.000,0.065,-0.080,-0.033,0.223,-0.217,0.300,-1.087,1.050,2.1,0.9,1.0
1776376068.415,197.2,54.910,50.676,100.000,0.052,-0.064,-0.035,0.222,-0.216,0.300,-1.087,1.050,2.1,0.9,1.0
1776376068.845,197.6,54.910,50.676,100.000,0.041,-0.051,-0.038,0.222,-0.215,0.300,-1.087,1.050,2.1,0.9,1.0
1776376069.280,198.0,54.910,50.676,100.000,0.032,-0.040,-0.041,0.221,-0.214,0.300,-1.087,1.050,2.1,0.9,1.0
1776376069.713,198.4,54.910,50.676,100.000,0.026,-0.032,-0.047,0.221,-0.214,0.300,-1.087,1.050,2.1,0.9,1.0
1776376070.148,198.8,54.910,50.676,100.000,0.020,-0.025,-0.060,0.220,-0.213,0.300,-1.087,1.050,2.1,0.9,1.0
1776376070.583,199.2,54.910,50.676,100.000,0.016,-0.020,-0.029,0.220,-0.213,0.300,-1.087,1.050,2.1,0.9,1.0
1776376071.019,199.6,54.910,50.676,100.000,0.012,-0.015,-0.025,0.220,-0.213,0.300,-1.087,1.050,2.1,0.9,1.0
1776376071.456,200.0,54.910,50.676,100.000,0.010,-0.012,-0.026,0.220,-0.212,0.333,-1.087,1.050,2.1,0.9,1.0
1776376071.890,200.4,54.910,50.676,100.000,0.008,-0.009,-0.019,0.220,-0.212,0.303,-1.087,1.050,2.1,0.9,1.0
1776376072.324,200.8,54.910,50.676,100.000,0.006,-0.007,-0.038,0.219,-0.212,0.394,-1.087,1.050,2.1,0.9,1.0
1776376072.758,201.2,54.910,50.676,100.000,0.005,-0.006,-0.051,0.219,-0.212,0.300,-1.087,1.050,2.1,0.9,1.0
1776376073.196,201.6,54.910,50.676,100.000,0.004,-0.004,-0.031,0.219,-0.212,0.300,-1.087,1.050,2.1,0.9,1.0
1776376073.630,202.0,54.910,50.676,100.000,0.003,-0.003,-0.035,0.219,-0.212,0.300,-1.087,1.050,2.1,0.9,1.0
1776376074.065,202.4,54.910,50.676,100.000,0.002,-0.003,-0.042,0.219,-0.212,0.300,-1.087,1.050,2.1,0.9,1.0
1776376074.499,202.8,54.910,50.676,100.000,0.002,-0.002,-0.053,0.219,-0.212,0.300,-1.087,1.050,2.1,0.9,1.0
1776376074.933,203.2,54.910,50.676,100.000,0.001,-0.002,-0.038,0.219,-0.212,0.300,-1.087,1.050,2.1,0.9,1.0
1776376075.368,203.6,54.910,50.676,100.000,0.001,-0.001,-0.046,0.219,-0.212,0.300,-1.087,1.050,2.1,0.9,1.0
1776376075.803,204.0,54.910,50.676,100.000,-0.003,0.111,-0.060,0.202,0.310,0.300,-1.004,-1.489,2.1,0.9,1.0
1776376076.234,204.4,54.910,50.676,100.000,-0.005,0.171,-0.015,0.202,0.319,0.300,-1.004,-1.489,2.1,0.9,1.0
1776376076.668,204.8,104.910,50.676,100.000,49.943,0.183,-0.030,0.800,0.318,0.377,-1.004,-1.489,2.1,0.9,1.0
1776376077.102,205.2,104.910,50.676,100.000,49.358,0.172,-0.038,0.800,0.315,0.300,-1.004,-1.489,2.1,0.9,1.0
1776376077.534,205.6,104.910,50.676,100.000,48.394,0.151,-0.051,0.800,0.313,0.300,-1.004,-1.489,2.1,0.9,1.0
1776376077.968,206.0,104.910,50.676,100.000,47.232,0.127,-0.029,0.800,0.311,0.300,-1.004,-1.489,2.1,0.9,1.0
1776376078.400,206.4,104.910,50.676,100.000,45.968,0.105,-0.032,0.800,0.309,0.300,-1.004,-1.489,2.1,0.9,1.0
1776376078.834,206.8,104.910,50.676,100.000,44.649,0.085,-0.035,0.800,0.308,0.300,-1.004,-1.489,2.1,0.9,1.0
1776376079.331,207.2,104.910,50.676,100.000,43.302,0.068,-0.038,0.800,0.307,0.300,-1.004,-1.489,2.1,0.9,1.0
1776376079.763,207.6,104.910,50.676,100.000,41.940,0.054,-0.043,0.800,0.306,0.300,-1.004,-1.489,2.1,0.9,1.0
1776376080.196,208.0,104.910,50.676,100.000,40.571,0.043,-0.053,0.800,0.305,0.300,-1.004,-1.489,2.1,0.9,1.0
1776376080.630,208.4,104.910,50.676,100.000,39.198,0.034,-0.047,0.800,0.305,0.300,-1.004,-1.489,2.1,0.9,1.0
1776376081.063,208.8,104.910,50.676,100.000,37.822,0.027,-0.061,0.800,0.304,0.300,-1.004,-1.489,2.1,0.9,1.0
1776376081.498,209.2,104.910,50.676,100.000,36.446,0.021,-0.017,0.800,0.304,0.300,-1.004,-1.489,2.1,0.9,1.0
1776376081.931,209.6,104.910,50.676,100.000,35.069,0.016,-0.029,0.800,0.303,0.366,-1.004,-1.489,2.1,0.9,1.0
1776376082.362,210.0,104.910,50.676,100.000,33.692,0.013,-0.033,0.800,0.303,0.300,-1.004,-1.489,2.1,0.9,1.0
1776376082.797,210.4,104.910,50.676,100.000,32.314,0.010,-0.038,0.800,0.303,0.300,-1.004,-1.489,2.1,0.9,1.0
1776376083.232,210.8,104.910,50.676,100.000,30.937,0.008,-0.046,0.800,0.303,0.300,-1.004,-1.489,2.1,0.9,1.0
1776376083.669,211.2,104.910,50.676,100.000,29.559,0.006,-0.058,0.800,0.303,0.300,-1.004,-1.489,2.1,0.9,1.0
1776376084.101,211.6,104.910,50.676,100.000,28.181,0.005,-0.021,0.800,0.303,0.300,-1.004,-1.489,2.1,0.9,1.0
1776376084.537,212.0,104.910,50.676,100.000,26.804,0.004,-0.020,0.800,0.303,0.321,-1.004,-1.489,2.1,0.9,1.0
1776376084.971,212.4,104.910,50.676,100.000,25.426,0.003,-0.024,0.800,0.303,0.341,-1.004,-1.489,2.1,0.9,1.0
1776376085.404,212.8,104.910,50.676,100.000,24.049,0.002,-0.019,0.800,0.302,0.300,-1.004,-1.489,2.1,0.9,1.0
1776376085.838,213.2,104.910,50.676,100.000,22.671,0.002,-0.028,0.800,0.302,0.358,-1.004,-1.489,2.1,0.9,1.0
1776376086.268,213.6,104.910,50.676,100.000,21.293,0.001,-0.029,0.800,0.302,0.300,-1.004,-1.489,2.1,0.9,1.0
1776376086.702,214.0,104.910,50.676,100.000,19.816,-0.058,-0.028,0.800,-0.138,0.300,0.741,0.316,2.1,0.9,1.0
1776376087.136,214.4,104.910,50.676,100.000,17.963,-0.115,-0.022,0.800,-0.075,0.300,0.741,0.316,2.1,0.9,1.0
1776376087.572,214.8,104.910,50.676,100.000,15.893,-0.130,-0.031,0.800,-0.074,0.358,0.741,0.316,2.1,0.9,1.0
1776376088.007,215.2,104.910,50.676,100.000,13.709,-0.125,-0.031,0.800,-0.072,0.300,0.741,0.316,2.1,0.9,1.0
1776376088.442,215.6,104.910,50.676,100.000,11.465,-0.111,-0.030,0.800,-0.071,0.300,0.741,0.316,2.1,0.9,1.0
1776376088.874,216.0,104.910,50.676,100.000,9.191,-0.094,-0.024,0.800,-0.070,0.300,0.741,0.316,2.1,0.9,1.0
1776376089.309,216.4,104.910,50.676,100.000,6.900,-0.078,-0.029,0.800,-0.068,0.347,0.741,0.316,2.1,0.9,1.0
1776376089.745,216.8,104.910,50.676,100.000,4.601,-0.064,-0.026,0.800,-0.067,0.300,0.741,0.316,2.1,0.9,1.0
1776376090.178,217.2,104.910,50.676,100.000,2.298,-0.051,-0.023,0.800,-0.067,0.319,0.741,0.316,2.1,0.9,1.0
1776376090.612,217.6,104.910,50.676,100.000,0.071,-0.041,-0.028,-0.070,-0.066,0.346,0.741,0.316,2.1,0.9,1.0
1776376091.043,218.0,104.910,50.676,100.000,-1.145,-0.032,-0.025,-0.300,-0.065,0.300,0.741,0.316,2.1,0.9,1.0
1776376091.476,218.4,104.910,50.676,100.000,-1.593,-0.026,-0.023,-0.295,-0.065,0.322,0.741,0.316,2.1,0.9,1.0
1776376091.912,218.8,104.910,50.676,100.000,-1.650,-0.020,-0.026,-0.280,-0.065,0.337,0.741,0.316,2.1,0.9,1.0
1776376092.345,219.2,104.910,50.676,100.000,-1.524,-0.016,-0.019,-0.260,-0.064,0.300,0.741,0.316,2.1,0.9,1.0
1776376092.778,219.6,104.910,50.676,100.000,-1.327,-0.012,-0.036,-0.241,-0.064,0.387,0.741,0.316,2.1,0.9,1.0
1776376093.208,220.0,104.910,50.676,100.000,-1.115,-0.010,-0.046,-0.224,-0.064,0.300,0.741,0.316,2.1,0.9,1.0
1776376093.643,220.4,104.910,50.676,100.000,-0.916,-0.008,-0.046,-0.209,-0.064,0.300,0.741,0.316,2.1,0.9,1.0
1776376094.077,220.8,104.910,50.676,100.000,-0.741,-0.006,-0.047,-0.197,-0.064,0.300,0.741,0.316,2.1,0.9,1.0
1776376094.511,221.2,104.910,50.676,100.000,-0.594,-0.005,-0.045,-0.187,-0.064,0.300,0.741,0.316,2.1,0.9,1.0
1776376094.946,221.6,104.910,50.676,100.000,-0.472,-0.004,-0.050,-0.179,-0.064,0.300,0.741,0.316,2.1,0.9,1.0
1776376095.380,222.0,104.910,50.676,100.000,-0.373,-0.003,-0.037,-0.172,-0.063,0.300,0.741,0.316,2.1,0.9,1.0
1776376095.815,222.4,104.910,50.676,100.000,-0.294,-0.002,-0.047,-0.167,-0.063,0.300,0.741,0.316,2.1,0.9,1.0
1776376096.250,222.8,104.910,50.676,100.000,-0.231,-0.002,-0.048,-0.163,-0.063,0.300,0.741,0.316,2.1,0.9,1.0
1776376096.683,223.2,104.910,50.676,100.000,-0.181,-0.001,-0.045,-0.160,-0.063,0.300,0.741,0.316,2.1,0.9,1.0
1776376097.118,223.6,104.910,50.676,100.000,-0.142,-0.001,-0.055,-0.158,-0.063,0.300,0.741,0.316,2.1,0.9,1.0
1776376097.551,224.0,104.910,50.676,100.000,-0.090,-0.020,-0.024,-0.156,-0.063,0.300,-0.272,1.287,2.1,0.9,1.0
1776376097.982,224.4,104.910,50.676,100.000,-0.027,-0.058,-0.020,0.055,-0.267,0.300,-0.272,1.287,2.1,0.9,1.0
1776376098.415,224.8,104.910,50.676,100.000,0.004,-0.070,-0.026,0.056,-0.266,0.346,-0.272,1.287,2.1,0.9,1.0
1776376098.881,225.2,104.910,50.676,100.000,0.018,-0.069,-0.022,0.057,-0.266,0.300,-0.272,1.287,2.1,0.9,1.0
1776376099.313,225.6,104.910,50.676,100.000,0.023,-0.062,-0.022,0.056,-0.265,0.325,-0.272,1.287,2.1,0.9,1.0
1776376099.747,226.0,104.910,50.676,100.000,0.023,-0.054,-0.023,0.056,-0.264,0.329,-0.272,1.287,2.1,0.9,1.0
1776376100.182,226.4,104.910,50.676,100.000,0.021,-0.045,-0.020,0.056,-0.263,0.316,-0.272,1.287,2.1,0.9,1.0
1776376100.613,226.8,104.910,50.676,100.000,0.018,-0.036,-0.028,0.056,-0.263,0.357,-0.272,1.287,2.1,0.9,1.0
1776376101.047,227.2,104.910,50.676,100.000,0.015,-0.029,-0.029,0.055,-0.262,0.300,-0.272,1.287,2.1,0.9,1.0
1776376101.478,227.6,104.910,50.676,100.000,0.012,-0.023,-0.026,0.055,-0.262,0.300,-0.272,1.287,2.1,0.9,1.0
1776376101.910,228.0,104.910,50.676,100.000,0.010,-0.019,-0.019,0.055,-0.261,0.300,-0.272,1.287,2.1,0.9,1.0
1776376102.377,228.4,104.910,50.676,100.000,0.008,-0.015,-0.039,0.055,-0.261,0.397,-0.272,1.287,2.1,0.9,1.0
1776376102.813,228.8,104.910,50.676,100.000,0.006,-0.012,-0.052,0.055,-0.261,0.300,-0.272,1.287,2.1,0.9,1.0
1776376103.248,229.2,104.910,50.676,100.000,0.005,-0.009,-0.024,0.055,-0.261,0.300,-0.272,1.287,2.1,0.9,1.0
1776376103.680,229.6,104.910,50.676,100.000,0.004,-0.007,-0.021,0.055,-0.261,0.300,-0.272,1.287,2.1,0.9,1.0
1776376104.113,230.0,104.910,50.676,100.000,0.003,-0.006,-0.021,0.055,-0.261,0.326,-0.272,1.287,2.1,0.9,1.0
1776376104.548,230.4,104.910,50.676,100.000,0.002,-0.004,-0.021,0.055,-0.261,0.326,-0.272,1.287,2.1,0.9,1.0
1776376104.983,230.8,104.910,50.676,100.000,0.002,-0.003,-0.021,0.055,-0.260,0.326,-0.272,1.287,2.1,0.9,1.0
1776376105.418,231.2,104.910,50.676,100.000,0.001,-0.003,-0.021,0.055,-0.260,0.326,-0.272,1.287,2.1,0.9,1.0
1776376105.852,231.6,104.910,50.676,100.000,0.001,-0.002,-0.021,0.055,-0.260,0.325,-0.272,1.287,2.1,0.9,1.0
1776376106.287,232.0,104.910,50.676,100.000,0.001,-0.002,-0.021,0.055,-0.260,0.328,-0.272,1.287,2.1,0.9,1.0
1776376106.726,232.4,104.910,50.676,100.000,0.001,-0.001,-0.019,0.054,-0.260,0.317,-0.272,1.287,2.1,0.9,1.0
1776376107.161,232.8,104.910,50.676,100.000,0.001,-0.001,-0.027,0.054,-0.260,0.352,-0.272,1.287,2.1,0.9,1.0
1776376107.596,233.2,104.910,50.676,100.000,0.000,-0.001,-0.026,0.054,-0.260,0.300,-0.272,1.287,2.1,0.9,1.0
1776376108.030,233.6,104.910,50.676,100.000,0.000,-0.001,-0.020,0.054,-0.260,0.300,-0.272,1.287,2.1,0.9,1.0
1776376108.464,234.0,104.910,50.676,100.000,0.000,-0.000,-0.030,0.054,-0.260,0.362,-0.272,1.287,2.1,0.9,1.0
1776376108.895,234.4,104.910,50.676,100.000,-0.073,0.057,-0.032,-0.238,-0.029,0.300,1.127,0.189,2.1,0.9,1.0
1776376109.328,234.8,104.910,50.676,100.000,-0.097,0.077,-0.034,-0.236,-0.031,0.300,1.127,0.189,2.1,0.9,1.0
1776376109.761,235.2,104.910,50.676,100.000,-0.100,0.079,-0.035,-0.235,-0.032,0.300,1.127,0.189,2.1,0.9,1.0
1776376110.196,235.6,104.910,50.676,100.000,-0.092,0.072,-0.036,-0.234,-0.033,0.300,1.127,0.189,2.1,0.9,1.0
1776376110.632,236.0,104.910,50.676,100.000,-0.079,0.063,-0.035,-0.233,-0.034,0.300,1.127,0.189,2.1,0.9,1.0
1776376111.064,236.4,104.910,50.676,100.000,-0.067,0.053,-0.033,-0.232,-0.034,0.300,1.127,0.189,2.1,0.9,1.0
1776376111.500,236.8,104.910,50.676,100.000,-0.055,0.043,-0.028,-0.231,-0.035,0.300,1.127,0.189,2.1,0.9,1.0
1776376111.934,237.2,104.910,50.676,100.000,-0.044,0.035,-0.030,-0.230,-0.036,0.340,1.127,0.189,2.1,0.9,1.0
1776376112.368,237.6,104.910,50.676,100.000,-0.035,0.028,-0.024,-0.230,-0.036,0.300,1.127,0.189,2.1,0.9,1.0
1776376112.803,238.0,104.910,50.676,100.000,-0.028,0.022,-0.033,-0.229,-0.036,0.360,1.127,0.189,2.1,0.9,1.0
1776376113.236,238.4,104.910,50.676,100.000,-0.022,0.018,-0.034,-0.229,-0.037,0.300,1.127,0.189,2.1,0.9,1.0
1776376113.669,238.8,104.910,50.676,100.000,-0.017,0.014,-0.034,-0.229,-0.037,0.300,1.127,0.189,2.1,0.9,1.0
1776376114.103,239.2,104.910,50.676,100.000,-0.014,0.011,-0.032,-0.228,-0.037,0.300,1.127,0.189,2.1,0.9,1.0
1776376114.537,239.6,104.910,50.676,100.000,-0.011,0.009,-0.026,-0.228,-0.037,0.300,1.127,0.189,2.1,0.9,1.0
1776376114.971,240.0,104.910,50.676,100.000,-0.008,0.007,-0.031,-0.228,-0.037,0.346,1.127,0.189,2.1,0.9,1.0
1776376115.405,240.4,104.910,50.676,100.000,-0.007,0.005,-0.027,-0.228,-0.038,0.300,1.127,0.189,2.1,0.9,1.0
1776376115.838,240.8,104.910,50.676,100.000,-0.005,0.004,-0.025,-0.228,-0.038,0.325,1.127,0.189,2.1,0.9,1.0
1776376116.268,241.2,104.910,50.676,100.000,-0.004,0.003,-0.025,-0.228,-0.038,0.328,1.127,0.189,2.1,0.9,1.0
1776376116.700,241.6,104.910,50.676,100.000,-0.003,0.002,-0.022,-0.228,-0.038,0.318,1.127,0.189,2.1,0.9,1.0
1776376117.136,242.0,104.910,50.676,100.000,-0.002,0.002,-0.028,-0.228,-0.038,0.349,1.127,0.189,2.1,0.9,1.0
1776376117.569,242.4,104.910,50.676,100.000,-0.002,0.002,-0.026,-0.228,-0.038,0.300,1.127,0.189,2.1,0.9,1.0
1776376118.003,242.8,104.910,50.676,100.000,-0.001,0.001,-0.019,-0.227,-0.038,0.303,1.127,0.189,2.1,0.9,1.0
1776376118.440,243.2,104.910,50.676,100.000,-0.001,0.001,-0.038,-0.227,-0.038,0.395,1.127,0.189,2.1,0.9,1.0
1776376118.874,243.6,104.910,50.676,100.000,-0.001,0.001,-0.051,-0.227,-0.038,0.300,1.127,0.189,2.1,0.9,1.0
1776376119.308,244.0,104.910,50.676,100.000,-0.001,0.001,-0.028,-0.227,-0.038,0.300,1.127,0.189,2.1,0.9,1.0
1776376119.743,244.4,104.910,50.676,100.000,-0.008,-0.050,-0.029,-0.261,-0.272,0.300,1.287,1.329,2.1,0.9,1.0
1776376120.177,244.8,104.910,50.676,100.000,-0.011,-0.077,-0.029,-0.261,-0.277,0.300,1.287,1.329,2.1,0.9,1.0
1776376120.609,245.2,104.910,50.676,100.000,-0.012,-0.082,-0.027,-0.261,-0.276,0.300,1.287,1.329,2.1,0.9,1.0
1776376121.043,245.6,104.910,50.676,100.000,-0.011,-0.077,-0.019,-0.261,-0.275,0.302,1.287,1.329,2.1,0.9,1.0
1776376121.476,246.0,105.910,50.676,100.000,0.437,-0.068,-0.039,-0.252,-0.274,0.397,1.287,1.329,2.1,0.9,1.0
1776376121.911,246.4,105.910,50.676,100.000,0.099,-0.057,-0.053,-0.270,-0.273,0.300,1.287,1.329,2.1,0.9,1.0
1776376122.344,246.8,105.910,50.676,100.000,-0.064,-0.047,-0.025,-0.274,-0.272,0.300,1.287,1.329,2.1,0.9,1.0
1776376122.777,247.2,105.910,50.676,100.000,-0.132,-0.038,-0.022,-0.274,-0.272,0.300,1.287,1.329,2.1,0.9,1.0
1776376123.211,247.6,105.910,50.676,100.000,-0.151,-0.031,-0.018,-0.273,-0.271,0.312,1.287,1.329,2.1,0.9,1.0
1776376123.641,248.0,105.910,50.676,100.000,-0.146,-0.024,-0.030,-0.271,-0.271,0.368,1.287,1.329,2.1,0.9,1.0
1776376124.076,248.4,105.910,50.676,100.000,-0.130,-0.019,-0.034,-0.270,-0.270,0.300,1.287,1.329,2.1,0.9,1.0
1776376124.511,248.8,105.910,50.676,100.000,-0.111,-0.015,-0.041,-0.268,-0.270,0.300,1.287,1.329,2.1,0.9,1.0
1776376124.947,249.2,105.910,50.676,100.000,-0.092,-0.012,-0.052,-0.267,-0.270,0.300,1.287,1.329,2.1,0.9,1.0
1776376125.381,249.6,105.910,50.676,100.000,-0.075,-0.009,-0.040,-0.265,-0.270,0.300,1.287,1.329,2.1,0.9,1.0
1776376125.813,250.0,105.910,50.676,100.000,-0.060,-0.007,-0.051,-0.264,-0.270,0.300,1.287,1.329,2.1,0.9,1.0
1776376126.244,250.4,105.910,50.676,100.000,-0.048,-0.006,-0.043,-0.263,-0.269,0.300,1.287,1.329,2.1,0.9,1.0
1776376126.681,250.8,105.910,50.676,100.000,-0.038,-0.004,-0.055,-0.263,-0.269,0.300,1.287,1.329,2.1,0.9,1.0
1776376127.114,251.2,105.910,50.676,100.000,-0.030,-0.003,-0.027,-0.262,-0.269,0.300,1.287,1.329,2.1,0.9,1.0
1776376127.549,251.6,105.910,50.676,100.000,-0.024,-0.003,-0.025,-0.262,-0.269,0.300,1.287,1.329,2.1,0.9,1.0
1776376127.982,252.0,105.910,50.676,100.000,-0.018,-0.002,-0.019,-0.262,-0.269,0.305,1.287,1.329,2.1,0.9,1.0
1776376128.412,252.4,105.910,50.676,100.000,-0.014,-0.002,-0.036,-0.261,-0.269,0.389,1.287,1.329,2.1,0.9,1.0
1776376128.845,252.8,105.910,50.676,100.000,-0.011,-0.001,-0.047,-0.261,-0.269,0.300,1.287,1.329,2.1,0.9,1.0
1776376129.276,253.2,105.910,50.676,100.000,-0.009,-0.001,-0.040,-0.261,-0.269,0.300,1.287,1.329,2.1,0.9,1.0
1776376129.710,253.6,105.910,50.676,100.000,-0.007,-0.001,-0.054,-0.261,-0.269,0.300,1.287,1.329,2.1,0.9,1.0
1776376130.143,254.0,105.910,50.676,100.000,-0.005,-0.001,-0.022,-0.261,-0.269,0.300,1.287,1.329,2.1,0.9,1.0
1776376130.577,254.4,105.910,50.676,100.000,-0.005,0.092,-0.016,-0.266,0.408,0.300,1.308,-1.447,2.1,0.9,1.0
1776376131.011,254.8,105.910,50.676,100.000,-0.005,0.178,-0.033,-0.265,0.312,0.386,1.308,-1.447,2.1,0.9,1.0
1776376131.439,255.2,105.910,50.676,100.000,-0.004,0.201,-0.044,-0.265,0.311,0.300,1.308,-1.447,2.1,0.9,1.0
1776376131.874,255.6,105.910,50.676,100.000,-0.003,0.193,-0.046,-0.265,0.309,0.300,1.308,-1.447,2.1,0.9,1.0
1776376132.307,256.0,105.910,50.676,100.000,-0.003,0.171,-0.041,-0.265,0.306,0.300,1.308,-1.447,2.1,0.9,1.0
1776376132.738,256.4,105.910,50.676,100.000,-0.002,0.146,-0.057,-0.265,0.304,0.300,1.308,-1.447,2.1,0.9,1.0
1776376133.173,256.8,105.910,50.676,100.000,-0.002,0.121,-0.010,-0.265,0.302,0.300,1.308,-1.447,2.1,0.9,1.0
1776376133.607,257.2,105.910,50.676,100.000,-0.001,0.098,-0.031,-0.265,0.300,0.397,1.308,-1.447,2.1,0.9,1.0
1776376134.041,257.6,105.910,50.676,100.000,-0.001,0.079,-0.047,-0.265,0.299,0.300,1.308,-1.447,2.1,0.9,1.0
1776376134.477,258.0,105.910,50.676,100.000,-0.001,0.063,-0.019,-0.265,0.298,0.300,1.308,-1.447,2.1,0.9,1.0
1776376134.911,258.4,105.910,50.676,100.000,-0.001,0.050,-0.016,-0.265,0.297,0.300,1.308,-1.447,2.1,0.9,1.0
1776376135.342,258.8,105.910,50.676,100.000,-0.001,0.039,-0.018,-0.265,0.296,0.331,1.308,-1.447,2.1,0.9,1.0
1776376135.776,259.2,105.910,50.676,100.000,-0.000,0.031,-0.015,-0.265,0.296,0.310,1.308,-1.447,2.1,0.9,1.0
1776376136.211,259.6,105.910,50.676,100.000,-0.000,0.024,-0.029,-0.265,0.295,0.374,1.308,-1.447,2.1,0.9,1.0
1776376136.644,260.0,105.910,50.676,100.000,-0.000,0.019,-0.036,-0.265,0.295,0.300,1.308,-1.447,2.1,0.9,1.0
1776376137.079,260.4,105.910,50.676,100.000,-0.000,0.015,-0.047,-0.265,0.295,0.300,1.308,-1.447,2.1,0.9,1.0
1776376137.512,260.8,105.910,50.676,100.000,-0.000,0.012,-0.042,-0.265,0.294,0.300,1.308,-1.447,2.1,0.9,1.0
1776376137.944,261.2,105.910,50.676,100.000,-0.000,0.009,-0.058,-0.265,0.294,0.300,1.308,-1.447,2.1,0.9,1.0
1776376138.380,261.6,105.910,50.676,100.000,-0.000,0.007,-0.010,-0.265,0.294,0.300,1.308,-1.447,2.1,0.9,1.0
1776376138.814,262.0,105.910,50.676,100.000,-0.000,0.005,-0.033,-0.265,0.294,0.404,1.308,-1.447,2.1,0.9,1.0
1776376139.244,262.4,105.910,50.676,100.000,-0.000,0.004,-0.050,-0.265,0.294,0.300,1.308,-1.447,2.1,0.9,1.0
1776376139.676,262.8,105.910,50.676,100.000,-0.000,0.003,-0.005,-0.265,0.294,0.300,1.308,-1.447,2.1,0.9,1.0
1776376140.112,263.2,105.910,50.676,100.000,-0.000,0.003,-0.028,-0.265,0.294,0.401,1.308,-1.447,2.1,0.9,1.0
1776376140.547,263.6,105.910,50.676,100.000,-0.000,0.002,-0.045,-0.265,0.294,0.300,1.308,-1.447,2.1,0.9,1.0
1776376140.982,264.0,105.910,50.676,100.000,-0.000,0.002,-0.008,-0.265,0.294,0.300,1.308,-1.447,2.1,0.9,1.0
1776376141.415,264.4,105.910,50.676,100.000,0.032,-0.027,-0.013,-0.265,0.294,0.335,-0.281,-0.036,2.1,0.9,1.0
1776376141.850,264.8,105.910,50.676,100.000,0.094,-0.082,-0.008,0.066,-0.002,0.300,-0.281,-0.036,2.1,0.9,1.0
1776376142.287,265.2,105.910,50.676,100.000,0.113,-0.100,-0.029,0.066,-0.001,0.394,-0.281,-0.036,2.1,0.9,1.0
1776376142.722,265.6,105.910,50.676,100.000,0.112,-0.099,-0.043,0.065,-0.000,0.300,-0.281,-0.036,2.1,0.9,1.0
1776376143.156,266.0,105.910,50.676,100.000,0.101,-0.090,-0.024,0.063,0.001,0.300,-0.281,-0.036,2.1,0.9,1.0
1776376143.590,266.4,105.910,50.676,100.000,0.087,-0.077,-0.029,0.062,0.002,0.300,-0.281,-0.036,2.1,0.9,1.0
1776376144.022,266.8,105.910,50.676,100.000,0.072,-0.064,-0.035,0.061,0.003,0.300,-0.281,-0.036,2.1,0.9,1.0
1776376144.456,267.2,105.910,50.676,100.000,0.059,-0.053,-0.045,0.060,0.004,0.300,-0.281,-0.036,2.1,0.9,1.0
1776376144.891,267.6,105.910,50.676,100.000,0.048,-0.042,-0.052,0.059,0.004,0.300,-0.281,-0.036,2.1,0.9,1.0
1776376145.324,268.0,105.910,50.676,100.000,0.038,-0.034,-0.030,0.059,0.005,0.300,-0.281,-0.036,2.1,0.9,1.0
1776376145.757,268.4,105.910,50.676,100.000,0.030,-0.027,-0.033,0.058,0.005,0.300,-0.281,-0.036,2.1,0.9,1.0
1776376146.192,268.8,105.910,50.676,100.000,0.024,-0.021,-0.036,0.058,0.006,0.300,-0.281,-0.036,2.1,0.9,1.0
1776376146.626,269.2,105.910,50.676,100.000,0.019,-0.017,-0.039,0.057,0.006,0.300,-0.281,-0.036,2.1,0.9,1.0
1776376147.059,269.6,105.910,50.676,100.000,0.015,-0.013,-0.046,0.057,0.006,0.300,-0.281,-0.036,2.1,0.9,1.0
1776376147.492,270.0,105.910,50.676,100.000,0.012,-0.010,-0.057,0.057,0.006,0.300,-0.281,-0.036,2.1,0.9,1.0
1776376147.926,270.4,105.910,50.676,100.000,0.009,-0.008,-0.033,0.057,0.007,0.300,-0.281,-0.036,2.1,0.9,1.0
1776376148.359,270.8,105.910,50.676,100.000,0.007,-0.006,-0.033,0.057,0.007,0.300,-0.281,-0.036,2.1,0.9,1.0
1776376148.792,271.2,105.910,50.676,100.000,0.006,-0.005,-0.032,0.057,0.007,0.300,-0.281,-0.036,2.1,0.9,1.0
1776376149.226,271.6,105.910,50.676,100.000,0.004,-0.004,-0.027,0.057,0.007,0.300,-0.281,-0.036,2.1,0.9,1.0
1776376149.659,272.0,105.910,50.676,100.000,0.003,-0.003,-0.026,0.057,0.007,0.326,-0.281,-0.036,2.1,0.9,1.0
1776376150.096,272.4,105.910,50.676,100.000,0.003,-0.002,-0.025,0.056,0.007,0.325,-0.281,-0.036,2.1,0.9,1.0
1776376150.529,272.8,105.910,50.676,100.000,0.002,-0.002,-0.025,0.056,0.007,0.328,-0.281,-0.036,2.1,0.9,1.0
1776376150.962,273.2,105.910,50.676,100.000,0.002,-0.001,-0.022,0.056,0.007,0.318,-0.281,-0.036,2.1,0.9,1.0
1776376151.396,273.6,105.910,50.676,100.000,0.001,-0.001,-0.028,0.056,0.007,0.349,-0.281,-0.036,2.1,0.9,1.0
1776376151.831,274.0,105.910,50.676,100.000,0.001,-0.001,-0.026,0.056,0.007,0.300,-0.281,-0.036,2.1,0.9,1.0
1776376152.265,274.4,105.910,50.676,100.000,0.001,-0.001,-0.018,0.056,0.007,0.301,-0.281,-0.036,2.1,0.9,1.0
1776376152.700,274.8,105.910,50.676,100.000,-0.062,-0.047,-0.039,-0.195,-0.179,0.402,0.924,0.859,2.1,0.9,1.0
1776376153.135,275.2,105.910,50.676,100.000,-0.083,-0.063,-0.055,-0.193,-0.178,0.300,0.924,0.859,2.1,0.9,1.0
1776376153.568,275.6,105.910,50.676,100.000,-0.085,-0.064,-0.012,-0.193,-0.178,0.300,0.924,0.859,2.1,0.9,1.0
1776376154.004,276.0,105.910,50.676,100.000,-0.078,-0.059,-0.026,-0.192,-0.177,0.369,0.924,0.859,2.1,0.9,1.0
1776376154.439,276.4,105.910,50.676,100.000,-0.068,-0.051,-0.031,-0.191,-0.176,0.300,0.924,0.859,2.1,0.9,1.0
1776376154.873,276.8,105.910,50.676,100.000,-0.057,-0.043,-0.038,-0.190,-0.176,0.300,0.924,0.859,2.1,0.9,1.0
1776376155.308,277.2,105.910,50.676,100.000,-0.047,-0.035,-0.051,-0.189,-0.175,0.300,0.924,0.859,2.1,0.9,1.0
1776376155.742,277.6,105.910,50.676,100.000,-0.038,-0.028,-0.031,-0.188,-0.175,0.300,0.924,0.859,2.1,0.9,1.0
1776376156.176,278.0,105.910,50.676,100.000,-0.030,-0.023,-0.034,-0.188,-0.174,0.300,0.924,0.859,2.1,0.9,1.0
1776376156.609,278.4,105.910,50.676,100.000,-0.024,-0.018,-0.039,-0.187,-0.174,0.300,0.924,0.859,2.1,0.9,1.0
1776376157.042,278.8,105.910,50.676,100.000,-0.019,-0.014,-0.046,-0.187,-0.174,0.300,0.924,0.859,2.1,0.9,1.0
1776376157.475,279.2,105.910,50.676,100.000,-0.015,-0.011,-0.061,-0.187,-0.173,0.300,0.924,0.859,2.1,0.9,1.0
1776376157.909,279.6,105.910,50.676,100.000,-0.012,-0.009,-0.014,-0.187,-0.173,0.300,0.924,0.859,2.1,0.9,1.0
1776376158.345,280.0,105.910,50.676,100.000,-0.009,-0.007,-0.035,-0.187,-0.173,0.398,0.924,0.859,2.1,0.9,1.0
1776376158.777,280.4,105.910,50.676,100.000,-0.007,-0.005,-0.049,-0.186,-0.173,0.300,0.924,0.859,2.1,0.9,1.0
1776376159.210,280.8,105.910,50.676,100.000,-0.006,-0.004,-0.020,-0.186,-0.173,0.300,0.924,0.859,2.1,0.9,1.0
1776376159.644,281.2,105.910,50.676,100.000,-0.004,-0.003,-0.016,-0.186,-0.173,0.300,0.924,0.859,2.1,0.9,1.0
1776376160.076,281.6,105.910,50.676,100.000,-0.003,-0.003,-0.023,-0.186,-0.173,0.350,0.924,0.859,2.1,0.9,1.0
1776376160.512,282.0,105.910,50.676,100.000,-0.003,-0.002,-0.022,-0.186,-0.173,0.300,0.924,0.859,2.1,0.9,1.0
1776376160.946,282.4,105.910,50.676,100.000,-0.002,-0.002,-0.016,-0.186,-0.173,0.300,0.924,0.859,2.1,0.9,1.0
1776376161.378,282.8,105.910,50.676,100.000,-0.002,-0.001,-0.035,-0.186,-0.173,0.395,0.924,0.859,2.1,0.9,1.0
1776376161.812,283.2,105.910,50.676,100.000,-0.001,-0.001,-0.049,-0.186,-0.173,0.300,0.924,0.859,2.1,0.9,1.0
1776376162.244,283.6,105.910,50.676,100.000,-0.001,-0.001,-0.027,-0.186,-0.173,0.300,0.924,0.859,2.1,0.9,1.0
1776376162.680,284.0,105.910,50.676,100.000,-0.001,-0.001,-0.029,-0.186,-0.173,0.300,0.924,0.859,2.1,0.9,1.0
1776376163.116,284.4,105.910,50.676,100.000,-0.001,-0.000,-0.030,-0.186,-0.173,0.300,0.924,0.859,2.1,0.9,1.0
1776376163.552,284.8,105.910,50.676,100.000,0.003,0.085,-0.029,-0.171,0.224,0.300,0.850,-1.096,2.1,0.9,1.0
1776376163.990,285.2,105.910,50.676,100.000,0.005,0.131,-0.024,-0.170,0.234,0.300,0.850,-1.096,2.1,0.9,1.0
1776376164.421,285.6,105.910,50.676,100.000,0.005,0.140,-0.026,-0.170,0.232,0.334,0.850,-1.096,2.1,0.9,1.0
1776376164.855,286.0,105.910,50.676,100.000,0.005,0.131,-0.018,-0.171,0.231,0.300,0.850,-1.096,2.1,0.9,1.0
1776376165.290,286.4,105.910,50.676,100.000,0.004,0.115,-0.039,-0.171,0.229,0.401,0.850,-1.096,2.1,0.9,1.0
1776376165.723,286.8,105.910,50.676,100.000,0.004,0.097,-0.055,-0.171,0.228,0.300,0.850,-1.096,2.1,0.9,1.0
1776376166.159,287.2,105.910,50.676,100.000,0.003,0.080,-0.014,-0.171,0.226,0.300,0.850,-1.096,2.1,0.9,1.0
1776376166.594,287.6,105.910,50.676,100.000,0.002,0.065,-0.023,-0.171,0.225,0.352,0.850,-1.096,2.1,0.9,1.0
1776376167.027,288.0,105.910,50.676,100.000,0.002,0.052,-0.022,-0.171,0.224,0.300,0.850,-1.096,2.1,0.9,1.0
1776376167.462,288.4,105.910,50.676,100.000,0.002,0.042,-0.017,-0.171,0.224,0.300,0.850,-1.096,2.1,0.9,1.0
1776376167.894,288.8,105.910,50.676,100.000,0.001,0.033,-0.029,-0.171,0.223,0.368,0.850,-1.096,2.1,0.9,1.0
1776376168.324,289.2,105.910,50.676,100.000,0.001,0.026,-0.034,-0.171,0.223,0.300,0.850,-1.096,2.1,0.9,1.0
1776376168.757,289.6,105.910,50.676,100.000,0.001,0.020,-0.040,-0.171,0.222,0.300,0.850,-1.096,2.1,0.9,1.0
1776376169.190,290.0,105.910,50.676,100.000,0.001,0.016,-0.052,-0.171,0.222,0.300,0.850,-1.096,2.1,0.9,1.0
1776376169.625,290.4,105.910,50.676,100.000,0.000,0.013,-0.038,-0.171,0.222,0.300,0.850,-1.096,2.1,0.9,1.0
1776376170.058,290.8,105.910,50.676,100.000,0.000,0.010,-0.047,-0.171,0.222,0.300,0.850,-1.096,2.1,0.9,1.0
1776376170.493,291.2,105.910,50.676,100.000,0.000,0.008,-0.056,-0.171,0.221,0.300,0.850,-1.096,2.1,0.9,1.0
1776376170.926,291.6,105.910,50.676,100.000,0.000,0.006,-0.026,-0.171,0.221,0.300,0.850,-1.096,2.1,0.9,1.0
1776376171.359,292.0,105.910,50.676,100.000,0.000,0.005,-0.023,-0.171,0.221,0.300,0.850,-1.096,2.1,0.9,1.0
1776376171.792,292.4,105.910,50.676,100.000,0.000,0.004,-0.022,-0.171,0.221,0.321,0.850,-1.096,2.1,0.9,1.0
1776376172.226,292.8,105.910,50.676,100.000,0.000,0.003,-0.025,-0.171,0.221,0.339,0.850,-1.096,2.1,0.9,1.0
1776376172.661,293.2,105.910,50.676,100.000,0.000,0.002,-0.020,-0.171,0.221,0.300,0.850,-1.096,2.1,0.9,1.0
1776376173.094,293.6,105.910,50.676,100.000,0.000,0.002,-0.031,-0.171,0.221,0.367,0.850,-1.096,2.1,0.9,1.0
1776376173.529,294.0,105.910,50.676,100.000,0.000,0.001,-0.035,-0.171,0.221,0.300,0.850,-1.096,2.1,0.9,1.0
1776376173.965,294.4,105.910,50.676,100.000,0.000,0.001,-0.040,-0.171,0.221,0.300,0.850,-1.096,2.1,0.9,1.0
1776376174.397,294.8,105.910,50.676,100.000,0.041,-0.058,-0.050,0.131,-0.214,0.300,-0.388,0.688,2.1,0.9,1.0
1776376174.832,295.2,105.910,50.676,100.000,0.079,-0.113,-0.050,0.086,-0.149,0.300,-0.388,0.688,2.1,0.9,1.0
1776376175.267,295.6,105.910,50.676,100.000,0.089,-0.128,-0.046,0.085,-0.148,0.300,-0.388,0.688,2.1,0.9,1.0
1776376175.700,296.0,105.910,50.676,100.000,0.085,-0.123,-0.057,0.084,-0.147,0.300,-0.388,0.688,2.1,0.9,1.0
1776376176.133,296.4,105.910,50.676,100.000,0.076,-0.109,-0.024,0.083,-0.146,0.300,-0.388,0.688,2.1,0.9,1.0
1776376176.565,296.8,105.910,50.676,100.000,0.064,-0.093,-0.017,0.082,-0.144,0.300,-0.388,0.688,2.1,0.9,1.0
1776376176.999,297.2,105.910,50.676,100.000,0.053,-0.077,-0.034,0.081,-0.143,0.384,-0.388,0.688,2.1,0.9,1.0
1776376177.432,297.6,105.910,50.676,100.000,0.043,-0.063,-0.044,0.080,-0.142,0.300,-0.388,0.688,2.1,0.9,1.0
1776376177.868,298.0,105.910,50.676,100.000,0.035,-0.050,-0.050,0.080,-0.141,0.300,-0.388,0.688,2.1,0.9,1.0
1776376178.303,298.4,105.910,50.676,100.000,0.028,-0.040,-0.031,0.079,-0.140,0.300,-0.388,0.688,2.1,0.9,1.0
1776376178.737,298.8,105.910,50.676,100.000,0.022,-0.032,-0.035,0.079,-0.140,0.300,-0.388,0.688,2.1,0.9,1.0
1776376179.169,299.2,105.910,50.676,100.000,0.017,-0.025,-0.041,0.079,-0.140,0.300,-0.388,0.688,2.1,0.9,1.0
1776376179.603,299.6,105.910,50.676,100.000,0.014,-0.020,-0.052,0.078,-0.139,0.300,-0.388,0.688,2.1,0.9,1.0
1776376180.036,300.0,105.910,50.676,100.000,0.011,-0.015,-0.042,0.078,-0.139,0.300,-0.388,0.688,2.1,0.9,1.0
1776376180.465,300.4,105.910,50.676,100.000,0.008,-0.012,-0.053,0.078,-0.139,0.300,-0.388,0.688,2.1,0.9,1.0
1776376180.899,300.8,105.910,50.676,100.000,0.007,-0.009,-0.036,0.078,-0.139,0.300,-0.388,0.688,2.1,0.9,1.0
1776376181.332,301.2,105.910,50.676,100.000,0.005,-0.007,-0.042,0.078,-0.138,0.300,-0.388,0.688,2.1,0.9,1.0
1776376181.766,301.6,105.910,50.676,100.000,0.004,-0.006,-0.052,0.078,-0.138,0.300,-0.388,0.688,2.1,0.9,1.0
1776376182.199,302.0,105.910,50.676,100.000,0.003,-0.005,-0.043,0.078,-0.138,0.300,-0.388,0.688,2.1,0.9,1.0
1776376182.634,302.4,105.910,50.676,100.000,0.002,-0.004,-0.055,0.078,-0.138,0.300,-0.388,0.688,2.1,0.9,1.0
1776376183.071,302.8,105.910,50.676,100.000,0.002,-0.003,-0.032,0.078,-0.138,0.300,-0.388,0.688,2.1,0.9,1.0
1776376183.507,303.2,105.910,50.676,100.000,0.001,-0.002,-0.033,0.078,-0.138,0.300,-0.388,0.688,2.1,0.9,1.0
1776376183.938,303.6,105.910,50.676,100.000,0.001,-0.002,-0.034,0.078,-0.138,0.300,-0.388,0.688,2.1,0.9,1.0
1776376184.373,304.0,105.910,50.676,100.000,0.001,-0.001,-0.034,0.078,-0.138,0.300,-0.388,0.688,2.1,0.9,1.0
1776376184.809,304.4,105.910,50.676,100.000,0.001,-0.001,-0.032,0.078,-0.138,0.300,-0.388,0.688,2.1,0.9,1.0
1776376185.241,304.8,105.910,50.676,100.000,0.003,-0.014,-0.026,0.078,-0.138,0.300,-0.506,1.347,2.1,0.9,1.0
1776376185.674,305.2,105.910,50.676,100.000,0.007,-0.040,-0.032,0.102,-0.277,0.351,-0.506,1.347,2.1,0.9,1.0
1776376186.110,305.6,105.910,50.676,100.000,0.009,-0.048,-0.030,0.102,-0.277,0.300,-0.506,1.347,2.1,0.9,1.0
1776376186.541,306.0,105.910,50.676,100.000,0.009,-0.047,-0.023,0.102,-0.276,0.300,-0.506,1.347,2.1,0.9,1.0
1776376186.978,306.4,105.910,50.676,100.000,0.008,-0.043,-0.036,0.102,-0.276,0.375,-0.506,1.347,2.1,0.9,1.0
1776376187.413,306.8,105.910,50.676,100.000,0.007,-0.037,-0.042,0.102,-0.275,0.300,-0.506,1.347,2.1,0.9,1.0
1776376187.846,307.2,105.910,50.676,100.000,0.005,-0.031,-0.052,0.102,-0.275,0.300,-0.506,1.347,2.1,0.9,1.0
1776376188.280,307.6,105.910,50.676,100.000,0.004,-0.025,-0.043,0.102,-0.274,0.300,-0.506,1.347,2.1,0.9,1.0
1776376188.714,308.0,105.910,50.676,100.000,0.004,-0.020,-0.055,0.102,-0.274,0.300,-0.506,1.347,2.1,0.9,1.0
1776376189.148,308.4,105.910,50.676,100.000,0.003,-0.016,-0.032,0.102,-0.274,0.300,-0.506,1.347,2.1,0.9,1.0
1776376189.588,308.8,105.910,50.676,100.000,0.002,-0.013,-0.034,0.101,-0.274,0.300,-0.506,1.347,2.1,0.9,1.0
1776376190.024,309.2,105.910,50.676,100.000,0.002,-0.010,-0.036,0.101,-0.273,0.300,-0.506,1.347,2.1,0.9,1.0
1776376190.459,309.6,105.910,50.676,100.000,0.001,-0.008,-0.038,0.101,-0.273,0.300,-0.506,1.347,2.1,0.9,1.0
1776376190.892,310.0,105.910,50.676,100.000,0.001,-0.006,-0.040,0.101,-0.273,0.300,-0.506,1.347,2.1,0.9,1.0
1776376191.323,310.4,105.910,50.676,100.000,0.001,-0.005,-0.044,0.101,-0.273,0.300,-0.506,1.347,2.1,0.9,1.0
1776376191.756,310.8,105.910,50.676,100.000,0.001,-0.004,-0.051,0.101,-0.273,0.300,-0.506,1.347,2.1,0.9,1.0
1776376192.192,311.2,105.910,50.676,100.000,0.001,-0.003,-0.064,0.101,-0.273,0.300,-0.506,1.347,2.1,0.9,1.0
1776376192.627,311.6,105.910,50.676,100.000,0.000,-0.002,-0.018,0.101,-0.273,0.300,-0.506,1.347,2.1,0.9,1.0
1776376193.062,312.0,105.910,50.676,100.000,0.000,-0.002,-0.034,0.101,-0.273,0.383,-0.506,1.347,2.1,0.9,1.0
1776376193.496,312.4,105.910,50.676,100.000,0.000,-0.001,-0.043,0.101,-0.273,0.300,-0.506,1.347,2.1,0.9,1.0
1776376193.932,312.8,105.910,50.676,100.000,0.000,-0.001,-0.054,0.101,-0.273,0.300,-0.506,1.347,2.1,0.9,1.0
1776376194.367,313.2,105.910,50.676,100.000,0.000,-0.001,-0.021,0.101,-0.273,0.300,-0.506,1.347,2.1,0.9,1.0
1776376194.800,313.6,105.910,50.676,100.000,0.000,-0.001,-0.015,0.101,-0.273,0.300,-0.506,1.347,2.1,0.9,1.0
1776376195.230,314.0,105.910,50.676,100.000,0.000,-0.001,-0.033,0.101,-0.273,0.389,-0.506,1.347,2.1,0.9,1.0
1776376195.666,314.4,105.910,50.676,100.000,0.000,-0.000,-0.045,0.101,-0.273,0.300,-0.506,1.347,2.1,0.9,1.0
1776376196.101,314.8,105.910,50.676,100.000,0.000,-0.000,-0.040,0.101,-0.273,0.300,-0.506,1.347,2.1,0.9,1.0
1776376196.530,315.2,105.910,50.676,100.000,-0.104,0.040,-0.056,-0.314,-0.110,0.300,1.474,0.578,2.1,0.9,1.0
1776376196.966,315.6,105.910,50.676,100.000,-0.139,0.054,-0.011,-0.312,-0.111,0.300,1.474,0.578,2.1,0.9,1.0
1776376197.401,316.0,105.910,50.676,100.000,-0.142,0.055,-0.029,-0.311,-0.112,0.387,1.474,0.578,2.1,0.9,1.0
1776376197.836,316.4,105.910,50.676,100.000,-0.130,0.051,-0.041,-0.309,-0.112,0.300,1.474,0.578,2.1,0.9,1.0
1776376198.273,316.8,105.910,50.676,100.000,-0.113,0.044,-0.042,-0.307,-0.113,0.300,1.474,0.578,2.1,0.9,1.0
1776376198.707,317.2,105.910,50.676,100.000,-0.095,0.037,-0.042,-0.306,-0.113,0.300,1.474,0.578,2.1,0.9,1.0
1776376199.142,317.6,105.910,50.676,100.000,-0.078,0.030,-0.044,-0.305,-0.114,0.300,1.474,0.578,2.1,0.9,1.0
1776376199.574,318.0,105.910,50.676,100.000,-0.063,0.025,-0.042,-0.303,-0.114,0.300,1.474,0.578,2.1,0.9,1.0
1776376200.008,318.4,105.910,50.676,100.000,-0.050,0.020,-0.051,-0.303,-0.115,0.300,1.474,0.578,2.1,0.9,1.0
1776376200.443,318.8,105.910,50.676,100.000,-0.040,0.016,-0.023,-0.302,-0.115,0.300,1.474,0.578,2.1,0.9,1.0
1776376200.879,319.2,105.910,50.676,100.000,-0.032,0.012,-0.021,-0.301,-0.115,0.300,1.474,0.578,2.1,0.9,1.0
1776376201.309,319.6,105.910,50.676,100.000,-0.025,0.010,-0.018,-0.301,-0.115,0.316,1.474,0.578,2.1,0.9,1.0
1776376201.742,320.0,105.910,50.676,100.000,-0.019,0.008,-0.027,-0.301,-0.115,0.356,1.474,0.578,2.1,0.9,1.0
1776376202.175,320.4,105.910,50.676,100.000,-0.015,0.006,-0.027,-0.300,-0.116,0.300,1.474,0.578,2.1,0.9,1.0
1776376202.608,320.8,105.910,50.676,100.000,-0.012,0.005,-0.025,-0.300,-0.116,0.300,1.474,0.578,2.1,0.9,1.0
1776376203.041,321.2,105.910,50.676,100.000,-0.009,0.004,-0.018,-0.300,-0.116,0.303,1.474,0.578,2.1,0.9,1.0
1776376203.475,321.6,105.910,50.676,100.000,-0.007,0.003,-0.038,-0.300,-0.116,0.395,1.474,0.578,2.1,0.9,1.0
1776376203.910,322.0,105.910,50.676,100.000,-0.006,0.002,-0.051,-0.300,-0.116,0.300,1.474,0.578,2.1,0.9,1.0
1776376204.345,322.4,105.910,50.676,100.000,-0.004,0.002,-0.027,-0.300,-0.116,0.300,1.474,0.578,2.1,0.9,1.0
1776376204.780,322.8,105.910,50.676,100.000,-0.003,0.001,-0.028,-0.300,-0.116,0.300,1.474,0.578,2.1,0.9,1.0
1776376205.214,323.2,105.910,50.676,100.000,-0.003,0.001,-0.027,-0.299,-0.116,0.300,1.474,0.578,2.1,0.9,1.0
1776376205.649,323.6,105.910,50.676,100.000,-0.002,0.001,-0.022,-0.299,-0.116,0.300,1.474,0.578,2.1,0.9,1.0
1776376206.082,324.0,105.910,50.676,100.000,-0.002,0.001,-0.028,-0.299,-0.116,0.348,1.474,0.578,2.1,0.9,1.0
1776376206.630,324.4,105.910,50.676,100.000,-0.001,0.001,-0.025,-0.299,-0.116,0.300,1.474,0.578,2.1,0.9,1.0
1776376207.060,324.8,105.910,50.676,100.000,-0.001,0.000,-0.021,-0.299,-0.116,0.312,1.474,0.578,2.1,0.9,1.0
1776376207.491,325.2,105.910,50.676,100.000,0.030,-0.028,-0.032,-0.158,-0.247,0.368,0.791,1.215,2.1,0.9,1.0
1776376207.925,325.6,105.910,50.676,100.000,0.046,-0.043,-0.036,-0.155,-0.250,0.300,0.791,1.215,2.1,0.9,1.0
1776376208.357,326.0,105.910,50.676,100.000,0.050,-0.046,-0.042,-0.155,-0.249,0.300,0.791,1.215,2.1,0.9,1.0
1776376208.792,326.4,105.910,50.676,100.000,0.047,-0.043,-0.052,-0.156,-0.249,0.300,0.791,1.215,2.1,0.9,1.0
1776376209.227,326.8,105.910,50.676,100.000,0.041,-0.038,-0.045,-0.156,-0.248,0.300,0.791,1.215,2.1,0.9,1.0
1776376209.658,327.2,105.910,50.676,100.000,0.035,-0.032,-0.058,-0.157,-0.248,0.300,0.791,1.215,2.1,0.9,1.0
1776376210.089,327.6,105.910,50.676,100.000,0.029,-0.026,-0.021,-0.157,-0.247,0.300,0.791,1.215,2.1,0.9,1.0
1776376210.524,328.0,105.910,50.676,100.000,0.023,-0.021,-0.020,-0.157,-0.247,0.319,0.791,1.215,2.1,0.9,1.0
1776376210.958,328.4,105.910,50.676,100.000,0.019,-0.017,-0.025,-0.158,-0.247,0.345,0.791,1.215,2.1,0.9,1.0
1776376211.392,328.8,105.910,50.676,100.000,0.015,-0.014,-0.022,-0.158,-0.246,0.300,0.791,1.215,2.1,0.9,1.0
1776376211.826,329.2,105.910,50.676,100.000,0.012,-0.011,-0.023,-0.158,-0.246,0.330,0.791,1.215,2.1,0.9,1.0
1776376212.261,329.6,105.910,50.676,100.000,0.009,-0.009,-0.019,-0.158,-0.246,0.311,0.791,1.215,2.1,0.9,1.0
1776376212.696,330.0,105.910,50.676,100.000,0.007,-0.007,-0.031,-0.158,-0.246,0.370,0.791,1.215,2.1,0.9,1.0
1776376213.130,330.4,105.910,50.676,100.000,0.006,-0.005,-0.036,-0.159,-0.246,0.300,0.791,1.215,2.1,0.9,1.0
1776376213.564,330.8,105.910,50.676,100.000,0.004,-0.004,-0.043,-0.159,-0.246,0.300,0.791,1.215,2.1,0.9,1.0
1776376213.997,331.2,105.910,50.676,100.000,0.003,-0.003,-0.057,-0.159,-0.246,0.300,0.791,1.215,2.1,0.9,1.0
1776376214.434,331.6,105.910,50.676,100.000,0.003,-0.003,-0.020,-0.159,-0.246,0.300,0.791,1.215,2.1,0.9,1.0
1776376214.869,332.0,105.910,50.676,100.000,0.002,-0.002,-0.019,-0.159,-0.246,0.321,0.791,1.215,2.1,0.9,1.0
1776376215.302,332.4,105.910,50.676,100.000,0.002,-0.002,-0.023,-0.159,-0.245,0.340,0.791,1.215,2.1,0.9,1.0
1776376215.734,332.8,105.910,50.676,100.000,0.001,-0.001,-0.018,-0.159,-0.245,0.300,0.791,1.215,2.1,0.9,1.0
1776376216.166,333.2,105.910,50.676,100.000,0.001,-0.001,-0.029,-0.159,-0.245,0.365,0.791,1.215,2.1,0.9,1.0
1776376216.601,333.6,105.910,50.676,100.000,0.001,-0.001,-0.033,-0.159,-0.245,0.300,0.791,1.215,2.1,0.9,1.0
1776376217.037,334.0,105.910,50.676,100.000,0.001,-0.001,-0.037,-0.159,-0.245,0.300,0.791,1.215,2.1,0.9,1.0
1776376217.472,334.4,105.910,50.676,100.000,0.000,-0.000,-0.043,-0.159,-0.245,0.300,0.791,1.215,2.1,0.9,1.0
1776376217.906,334.8,105.910,50.676,100.000,0.000,-0.000,-0.054,-0.159,-0.245,0.300,0.791,1.215,2.1,0.9,1.0
1776376218.339,335.2,105.910,50.676,100.000,-0.014,0.009,-0.040,-0.266,-0.177,0.300,1.231,0.935,2.1,0.9,1.0
1776376218.772,335.6,105.910,50.676,100.000,-0.028,0.018,-0.048,-0.252,-0.186,0.300,1.231,0.935,2.1,0.9,1.0
1776376219.207,336.0,105.910,50.676,100.000,-0.032,0.020,-0.055,-0.251,-0.186,0.300,1.231,0.935,2.1,0.9,1.0
1776376219.642,336.4,105.910,50.676,100.000,-0.031,0.019,-0.033,-0.251,-0.187,0.300,1.231,0.935,2.1,0.9,1.0
1776376220.079,336.8,105.910,50.676,100.000,-0.027,0.017,-0.036,-0.251,-0.187,0.300,1.231,0.935,2.1,0.9,1.0
1776376220.513,337.2,105.910,50.676,100.000,-0.023,0.015,-0.039,-0.250,-0.187,0.300,1.231,0.935,2.1,0.9,1.0
1776376220.948,337.6,105.910,50.676,100.000,-0.019,0.012,-0.044,-0.250,-0.187,0.300,1.231,0.935,2.1,0.9,1.0
1776376221.381,338.0,105.910,50.676,100.000,-0.016,0.010,-0.054,-0.250,-0.188,0.300,1.231,0.935,2.1,0.9,1.0
1776376221.813,338.4,105.910,50.676,100.000,-0.013,0.008,-0.047,-0.250,-0.188,0.300,1.231,0.935,2.1,0.9,1.0
1776376222.245,338.8,105.910,50.676,100.000,-0.010,0.006,-0.060,-0.249,-0.188,0.300,1.231,0.935,2.1,0.9,1.0
1776376222.678,339.2,105.910,50.676,100.000,-0.008,0.005,-0.020,-0.249,-0.188,0.300,1.231,0.935,2.1,0.9,1.0
1776376223.112,339.6,105.910,50.676,100.000,-0.006,0.004,-0.026,-0.249,-0.188,0.347,1.231,0.935,2.1,0.9,1.0
1776376223.548,340.0,105.910,50.676,100.000,-0.005,0.003,-0.023,-0.249,-0.188,0.300,1.231,0.935,2.1,0.9,1.0
1776376223.983,340.4,105.910,50.676,100.000,-0.004,0.002,-0.020,-0.249,-0.188,0.314,1.231,0.935,2.1,0.9,1.0
1776376224.417,340.8,105.910,50.676,100.000,-0.003,0.002,-0.029,-0.249,-0.188,0.360,1.231,0.935,2.1,0.9,1.0
1776376224.851,341.2,105.910,50.676,100.000,-0.002,0.002,-0.031,-0.249,-0.188,0.300,1.231,0.935,2.1,0.9,1.0
1776376225.284,341.6,105.910,50.676,100.000,-0.002,0.001,-0.031,-0.249,-0.188,0.300,1.231,0.935,2.1,0.9,1.0
1776376225.718,342.0,105.910,50.676,100.000,-0.001,0.001,-0.029,-0.249,-0.188,0.300,1.231,0.935,2.1,0.9,1.0
1776376226.153,342.4,105.910,50.676,100.000,-0.001,0.001,-0.023,-0.249,-0.188,0.300,1.231,0.935,2.1,0.9,1.0
1776376226.586,342.8,105.910,50.676,100.000,-0.001,0.001,-0.034,-0.249,-0.188,0.368,1.231,0.935,2.1,0.9,1.0
1776376227.019,343.2,105.910,50.676,100.000,-0.001,0.000,-0.038,-0.249,-0.188,0.300,1.231,0.935,2.1,0.9,1.0
1776376227.453,343.6,105.910,50.676,100.000,-0.001,0.000,-0.043,-0.249,-0.188,0.300,1.231,0.935,2.1,0.9,1.0
1776376227.888,344.0,105.910,50.676,100.000,-0.000,0.000,-0.054,-0.249,-0.188,0.300,1.231,0.935,2.1,0.9,1.0
1776376228.323,344.4,105.910,50.676,100.000,-0.000,0.000,-0.040,-0.249,-0.188,0.300,1.231,0.935,2.1,0.9,1.0
1776376228.754,344.8,105.910,50.676,100.000,-0.000,0.000,-0.048,-0.249,-0.188,0.300,1.231,0.935,2.1,0.9,1.0
1776376229.187,345.2,105.910,50.676,100.000,0.050,-0.005,-0.057,-0.249,-0.188,0.300,-1.304,1.189,2.1,0.9,1.0
1776376229.621,345.6,105.910,50.676,100.000,0.149,-0.015,-0.027,0.281,-0.242,0.300,-1.304,1.189,2.1,0.9,1.0
1776376230.055,346.0,105.910,50.676,100.000,0.181,-0.018,-0.022,0.280,-0.242,0.300,-1.304,1.189,2.1,0.9,1.0
1776376230.489,346.4,105.910,50.676,100.000,0.179,-0.018,-0.026,0.278,-0.241,0.341,-1.304,1.189,2.1,0.9,1.0
1776376230.925,346.8,105.910,50.676,100.000,0.161,-0.016,-0.021,0.276,-0.241,0.300,-1.304,1.189,2.1,0.9,1.0
1776376231.358,347.2,105.910,50.676,100.000,0.139,-0.014,-0.030,0.273,-0.241,0.358,-1.304,1.189,2.1,0.9,1.0
1776376231.792,347.6,105.910,50.676,100.000,0.116,-0.012,-0.030,0.272,-0.241,0.300,-1.304,1.189,2.1,0.9,1.0
1776376232.226,348.0,105.910,50.676,100.000,0.094,-0.010,-0.029,0.270,-0.241,0.300,-1.304,1.189,2.1,0.9,1.0
1776376232.662,348.4,105.910,50.676,100.000,0.076,-0.008,-0.023,0.269,-0.241,0.300,-1.304,1.189,2.1,0.9,1.0
1776376233.099,348.8,105.910,50.676,100.000,0.061,-0.006,-0.030,0.268,-0.240,0.352,-1.304,1.189,2.1,0.9,1.0
1776376233.534,349.2,105.910,50.676,100.000,0.048,-0.005,-0.029,0.267,-0.240,0.300,-1.304,1.189,2.1,0.9,1.0
1776376233.968,349.6,105.910,50.676,100.000,0.038,-0.004,-0.023,0.266,-0.240,0.300,-1.304,1.189,2.1,0.9,1.0
1776376234.402,350.0,105.910,50.676,100.000,0.030,-0.003,-0.031,0.266,-0.240,0.358,-1.304,1.189,2.1,0.9,1.0
1776376234.836,350.4,105.910,50.676,100.000,0.023,-0.002,-0.032,0.265,-0.240,0.300,-1.304,1.189,2.1,0.9,1.0
1776376235.269,350.8,105.910,50.676,100.000,0.018,-0.002,-0.030,0.265,-0.240,0.300,-1.304,1.189,2.1,0.9,1.0
1776376235.703,351.2,105.910,50.676,100.000,0.014,-0.001,-0.024,0.265,-0.240,0.300,-1.304,1.189,2.1,0.9,1.0
1776376236.138,351.6,105.910,50.676,100.000,0.011,-0.001,-0.031,0.265,-0.240,0.354,-1.304,1.189,2.1,0.9,1.0
1776376236.575,352.0,105.910,50.676,100.000,0.009,-0.001,-0.030,0.264,-0.240,0.300,-1.304,1.189,2.1,0.9,1.0
1776376237.010,352.4,105.910,50.676,100.000,0.007,-0.001,-0.026,0.264,-0.240,0.300,-1.304,1.189,2.1,0.9,1.0
1776376237.442,352.8,105.910,50.676,100.000,0.005,-0.001,-0.027,0.264,-0.240,0.332,-1.304,1.189,2.1,0.9,1.0
1776376237.878,353.2,105.910,50.676,100.000,0.004,-0.000,-0.020,0.264,-0.240,0.305,-1.304,1.189,2.1,0.9,1.0
1776376238.314,353.6,105.910,50.676,100.000,0.003,-0.000,-0.038,0.264,-0.240,0.391,-1.304,1.189,2.1,0.9,1.0
1776376238.746,354.0,105.910,50.676,100.000,0.003,-0.000,-0.049,0.264,-0.240,0.300,-1.304,1.189,2.1,0.9,1.0
1776376239.178,354.4,105.910,50.676,100.000,0.002,-0.000,-0.039,0.264,-0.240,0.300,-1.304,1.189,2.1,0.9,1.0
1776376239.610,354.8,105.910,50.676,100.000,0.002,-0.000,-0.050,0.264,-0.240,0.300,-1.304,1.189,2.1,0.9,1.0
1776376240.043,355.2,105.910,50.676,100.000,0.001,-0.000,-0.039,0.264,-0.240,0.300,-1.304,1.189,2.1,0.9,1.0
1776376240.476,355.6,105.910,50.676,100.000,-0.034,0.102,-0.050,0.123,0.171,0.300,-0.638,-0.776,2.1,0.9,1.0
1776376240.912,356.0,105.910,50.676,100.000,-0.046,0.137,-0.042,0.124,0.168,0.300,-0.638,-0.776,2.1,0.9,1.0
1776376241.346,356.4,105.910,50.676,100.000,-0.048,0.140,-0.056,0.124,0.167,0.300,-0.638,-0.776,2.1,0.9,1.0
1776376241.779,356.8,105.910,50.676,100.000,-0.044,0.129,-0.022,0.125,0.165,0.300,-0.638,-0.776,2.1,0.9,1.0
1776376242.212,357.2,105.910,50.676,100.000,-0.038,0.112,-0.015,0.125,0.164,0.300,-0.638,-0.776,2.1,0.9,1.0
1776376242.646,357.6,105.910,50.676,100.000,-0.032,0.094,-0.037,0.126,0.162,0.402,-0.638,-0.776,2.1,0.9,1.0
1776376243.078,358.0,105.910,50.676,100.000,-0.026,0.077,-0.053,0.126,0.161,0.300,-0.638,-0.776,2.1,0.9,1.0
1776376243.513,358.4,105.910,50.676,100.000,-0.021,0.062,-0.012,0.127,0.160,0.300,-0.638,-0.776,2.1,0.9,1.0
1776376243.947,358.8,105.910,50.676,100.000,-0.017,0.050,-0.022,0.127,0.159,0.356,-0.638,-0.776,2.1,0.9,1.0
1776376244.400,359.2,105.910,50.676,100.000,-0.013,0.040,-0.023,0.127,0.158,0.300,-0.638,-0.776,2.1,0.9,1.0
1776376244.841,359.6,105.910,50.676,100.000,-0.011,0.031,-0.021,0.127,0.158,0.300,-0.638,-0.776,2.1,0.9,1.0
