time,x,y,z,roll,pitch,thrust,voltage,yaw,state
1776375856.739,0.000,0.000,0.000,0.000,0.000,0.500,12.600,0.000,LANDED
1776375857.174,0.000,0.000,0.000,0.000,0.000,0.500,12.600,0.000,LANDED
1776375857.608,0.000,0.000,0.000,0.000,0.000,0.500,12.600,0.000,LANDED
1776375858.040,0.000,0.000,0.000,0.000,0.000,0.500,12.600,0.000,LANDED
1776375858.478,0.000,0.000,0.000,0.000,0.000,0.500,12.600,0.000,LANDED
1776375858.909,0.000,0.000,0.000,0.000,0.000,0.500,12.600,0.000,LANDED
1776375859.344,0.000,0.000,0.000,0.000,0.000,0.500,12.600,0.000,LANDED
1776375859.775,0.000,0.000,0.000,0.000,0.000,0.500,12.600,0.000,LANDED
1776375860.209,0.000,0.000,0.000,0.000,0.000,0.500,12.600,0.000,LANDED
1776375860.643,0.000,0.000,0.000,0.000,0.000,0.500,12.600,0.000,LANDED
1776375861.078,0.000,0.000,0.000,0.000,0.000,0.500,12.600,0.000,LANDED
1776375861.511,0.000,0.000,0.000,0.000,0.000,0.500,12.600,0.000,LANDED
1776375861.947,0.000,0.000,0.000,0.000,0.000,0.500,12.600,0.000,LANDED
1776375862.382,0.000,0.000,0.000,0.000,0.000,0.500,12.600,0.000,LANDED
1776375862.817,0.000,0.000,0.000,0.000,0.000,0.500,12.600,0.000,LANDED
1776375863.251,0.000,0.000,0.000,0.000,0.000,0.500,12.600,0.000,LANDED
1776375863.685,0.000,0.000,0.000,0.000,0.000,0.500,12.600,0.000,LANDED
1776375864.117,0.000,0.000,0.000,0.000,0.000,0.500,12.600,0.000,LANDED
1776375864.550,0.000,0.000,0.000,0.000,0.000,0.500,12.600,0.000,LANDED
1776375864.987,0.000,0.000,0.000,0.000,0.000,0.500,12.600,0.000,LANDED
1776375865.420,0.000,0.000,0.000,0.000,0.000,0.500,12.600,0.000,LANDED
1776375865.854,0.000,0.000,0.000,0.000,0.000,0.500,12.600,0.000,LANDED
1776375866.292,0.000,0.000,0.078,0.000,0.000,0.700,12.599,0.000,TAKEOFF
1776375866.722,0.000,0.000,1.914,0.000,0.000,0.900,12.594,0.000,HOVER
1776375867.155,0.000,0.000,6.041,0.000,0.000,0.900,12.590,0.000,HOVER
1776375867.590,0.000,0.000,12.282,0.000,0.000,0.900,12.585,0.000,HOVER
1776375868.026,0.000,0.000,20.474,0.000,0.000,0.900,12.580,0.000,HOVER
1776375868.458,0.000,0.000,30.464,0.000,0.000,0.900,12.576,0.000,HOVER
1776375868.894,0.000,0.000,42.113,0.000,0.000,0.900,12.571,0.000,HOVER
1776375869.326,0.000,0.000,52.986,0.000,0.000,0.300,12.569,0.000,HOVER
1776375869.760,0.000,0.000,61.799,0.000,0.000,0.300,12.568,0.000,HOVER
1776375870.193,0.000,0.000,68.734,0.000,0.000,0.362,12.566,0.000,HOVER
1776375870.627,0.000,0.000,74.343,0.000,0.000,0.323,12.564,0.000,HOVER
1776375871.066,0.000,0.000,78.964,0.000,0.000,0.300,12.562,0.000,HOVER
1776375871.501,0.000,0.000,82.757,0.000,0.000,0.300,12.560,0.000,HOVER
1776375871.936,0.000,0.000,85.869,0.000,0.000,0.301,12.558,0.000,HOVER
1776375872.369,0.000,0.000,88.441,0.000,0.000,0.363,12.555,0.000,HOVER
1776375872.805,0.000,0.000,90.550,0.000,0.000,0.300,12.553,0.000,HOVER
1776375873.240,0.000,0.000,92.286,0.000,0.000,0.300,12.550,0.000,HOVER
1776375873.672,0.000,0.000,93.678,0.000,0.000,0.300,12.548,0.000,HOVER
1776375874.104,0.000,0.000,94.840,0.000,0.000,0.300,12.546,0.000,HOVER
1776375874.535,0.000,0.000,95.796,0.000,0.000,0.325,12.543,0.000,HOVER
1776375874.968,0.000,0.000,96.579,0.000,0.000,0.316,12.541,0.000,HOVER
1776375875.401,0.000,0.000,97.231,0.000,0.000,0.347,12.538,0.000,HOVER
1776375875.832,0.000,0.000,97.759,0.000,0.000,0.300,12.535,0.000,HOVER
1776375876.263,0.000,0.000,98.188,0.000,0.000,0.300,12.533,0.000,HOVER
1776375876.698,0.000,0.000,98.559,0.000,0.000,0.377,12.530,0.000,HOVER
1776375877.134,0.001,0.026,98.861,0.000,0.000,0.300,12.528,0.000,HOVER
1776375877.569,0.003,0.075,99.116,-0.267,-0.011,0.300,12.525,0.000,FLYING
1776375878.002,0.004,0.091,99.274,-0.266,-0.011,0.300,12.523,0.000,HOVER
1776375878.435,0.004,0.090,99.444,-0.266,-0.011,0.351,12.520,0.000,HOVER
1776375878.870,0.003,0.081,99.577,-0.264,-0.011,0.300,12.517,0.000,HOVER
1776375879.303,0.003,0.070,99.681,-0.263,-0.011,0.300,12.515,0.000,HOVER
1776375879.737,0.003,0.058,99.784,-0.262,-0.011,0.372,12.512,0.000,HOVER
1776375880.169,0.002,0.048,99.864,-0.262,-0.011,0.300,12.510,0.000,HOVER
1776375880.606,0.002,0.038,99.935,-0.261,-0.011,0.300,12.507,0.000,HOVER
1776375881.041,0.001,0.031,99.986,-0.260,-0.011,0.300,12.504,0.000,HOVER
1776375881.475,0.001,0.024,100.022,-0.260,-0.011,0.300,12.502,0.000,HOVER
1776375881.910,0.001,0.019,100.070,-0.260,-0.011,0.300,12.499,0.000,HOVER
1776375882.341,0.001,0.015,100.053,-0.259,-0.011,0.300,12.497,0.000,HOVER
1776375882.772,0.001,0.012,100.092,-0.259,-0.011,0.380,12.494,0.000,HOVER
1776375883.226,0.000,0.009,100.119,-0.259,-0.011,0.300,12.491,0.000,HOVER
1776375883.675,0.000,0.007,100.150,-0.259,-0.011,0.300,12.489,0.000,HOVER
1776375884.109,0.000,0.006,100.119,-0.259,-0.011,0.300,12.486,0.000,HOVER
1776375884.541,0.000,0.004,100.143,-0.259,-0.011,0.371,12.484,0.000,HOVER
1776375884.975,0.000,0.003,100.156,-0.259,-0.011,0.300,12.481,0.000,HOVER
1776375885.410,0.000,0.003,100.171,-0.259,-0.011,0.300,12.478,0.000,HOVER
1776375885.845,0.000,0.002,100.192,-0.259,-0.011,0.300,12.476,0.000,HOVER
1776375886.277,0.000,0.002,100.150,-0.259,-0.011,0.300,12.473,0.000,HOVER
1776375886.709,0.000,0.001,100.172,-0.259,-0.011,0.388,12.471,0.000,HOVER
1776375887.142,0.000,0.001,100.186,-0.259,-0.011,0.300,12.468,0.000,HOVER
1776375887.575,0.000,0.001,100.184,-0.259,-0.011,0.300,12.465,0.000,HOVER
1776375888.009,0.000,0.001,100.201,-0.259,-0.011,0.300,12.463,0.000,HOVER
1776375888.442,0.031,0.011,100.157,-0.301,-0.134,0.300,12.460,0.000,HOVER
1776375888.876,0.041,0.015,100.176,-0.301,-0.133,0.389,12.458,0.000,HOVER
1776375889.309,0.042,0.015,100.189,-0.301,-0.133,0.300,12.455,0.000,HOVER
1776375889.741,0.038,0.014,100.184,-0.301,-0.132,0.300,12.452,0.000,HOVER
1776375890.174,0.033,0.012,100.199,-0.301,-0.132,0.300,12.450,0.000,HOVER
1776375890.607,0.028,0.010,100.158,-0.301,-0.131,0.300,12.447,0.000,HOVER
1776375891.042,0.023,0.008,100.168,-0.300,-0.131,0.359,12.445,0.000,HOVER
1776375891.476,0.019,0.007,100.170,-0.300,-0.131,0.300,12.442,0.000,HOVER
1776375891.908,0.015,0.005,100.169,-0.300,-0.130,0.300,12.439,0.000,HOVER
1776375892.343,0.012,0.004,100.166,-0.300,-0.130,0.300,12.437,0.000,HOVER
1776375892.777,0.009,0.003,100.161,-0.300,-0.130,0.311,12.434,0.000,HOVER
1776375893.211,0.007,0.003,100.172,-0.300,-0.130,0.371,12.432,0.000,HOVER
1776375893.643,0.006,0.002,100.177,-0.300,-0.130,0.300,12.429,0.000,HOVER
1776375894.076,0.005,0.002,100.184,-0.300,-0.130,0.300,12.426,0.000,HOVER
1776375894.509,0.004,0.001,100.196,-0.300,-0.130,0.300,12.424,0.000,HOVER
1776375894.947,0.003,0.001,100.154,-0.300,-0.130,0.300,12.421,0.000,HOVER
1776375895.384,0.002,0.001,100.159,-0.300,-0.130,0.347,12.419,0.000,HOVER
1776375895.817,0.002,0.001,100.156,-0.300,-0.130,0.300,12.416,0.000,HOVER
1776375896.250,0.001,0.000,100.151,-0.300,-0.129,0.313,12.413,0.000,HOVER
1776375896.683,0.001,0.000,100.161,-0.300,-0.129,0.364,12.411,0.000,HOVER
1776375897.120,0.001,0.000,100.162,-0.300,-0.129,0.300,12.408,0.000,HOVER
1776375897.553,0.001,0.000,100.164,-0.300,-0.129,0.300,12.406,0.000,HOVER
1776375897.988,0.000,0.000,100.167,-0.300,-0.129,0.300,12.403,0.000,HOVER
1776375898.486,0.000,0.000,100.173,-0.300,-0.129,0.300,12.400,0.000,HOVER
1776375898.935,0.000,0.000,100.185,-0.300,-0.129,0.300,12.398,0.000,HOVER
1776375899.372,-0.073,-0.029,100.149,-0.164,0.208,0.300,12.395,0.000,FLYING
1776375899.808,-0.112,-0.045,100.141,-0.161,0.217,0.300,12.393,0.000,FLYING
1776375900.242,-0.120,-0.048,100.160,-0.161,0.216,0.398,12.390,0.000,HOVER
1776375900.679,-0.112,-0.045,100.173,-0.162,0.214,0.300,12.387,0.000,HOVER
1776375901.113,-0.098,-0.040,100.141,-0.162,0.213,0.300,12.385,0.000,HOVER
1776375901.548,-0.083,-0.033,100.136,-0.163,0.212,0.300,12.382,0.000,HOVER
1776375901.981,-0.068,-0.028,100.143,-0.163,0.211,0.352,12.380,0.000,HOVER
1776375902.414,-0.056,-0.022,100.141,-0.164,0.210,0.300,12.377,0.000,HOVER
1776375902.845,-0.045,-0.018,100.134,-0.164,0.209,0.300,12.374,0.000,HOVER
1776375903.279,-0.035,-0.014,100.144,-0.164,0.208,0.363,12.372,0.000,HOVER
1776375903.709,-0.028,-0.011,100.145,-0.164,0.208,0.300,12.369,0.000,HOVER
1776375904.143,-0.022,-0.009,100.147,-0.164,0.208,0.300,12.367,0.000,HOVER
1776375904.577,-0.017,-0.007,100.149,-0.165,0.207,0.300,12.364,0.000,HOVER
1776375905.011,-0.014,-0.005,100.153,-0.165,0.207,0.300,12.361,0.000,HOVER
1776375905.444,-0.011,-0.004,100.161,-0.165,0.207,0.300,12.359,0.000,HOVER
1776375905.878,-0.008,-0.003,100.156,-0.165,0.207,0.300,12.356,0.000,HOVER
1776375906.313,-0.007,-0.003,100.164,-0.165,0.207,0.300,12.354,0.000,HOVER
1776375906.744,-0.005,-0.002,100.130,-0.165,0.206,0.300,12.351,0.000,HOVER
1776375907.178,-0.004,-0.002,100.122,-0.165,0.206,0.300,12.348,0.000,HOVER
1776375907.609,-0.003,-0.001,100.138,-0.165,0.206,0.384,12.346,0.000,HOVER
1776375908.040,-0.002,-0.001,100.146,-0.165,0.206,0.300,12.343,0.000,HOVER
1776375908.477,-0.002,-0.001,100.152,-0.165,0.206,0.300,12.341,0.000,HOVER
1776375908.912,-0.001,-0.001,100.130,-0.165,0.206,0.300,12.338,0.000,HOVER
1776375909.344,-0.001,-0.000,100.131,-0.165,0.206,0.300,12.335,0.000,HOVER
1776375909.776,-0.001,-0.000,100.133,-0.165,0.206,0.300,12.333,0.000,HOVER
1776375910.210,0.005,0.020,100.136,-0.312,0.162,0.300,12.330,0.000,HOVER
1776375910.643,0.011,0.039,100.141,-0.293,0.168,0.300,12.328,0.000,HOVER
1776375911.078,0.013,0.044,100.153,-0.292,0.168,0.300,12.325,0.000,HOVER
1776375911.513,0.012,0.042,100.122,-0.292,0.168,0.300,12.322,0.000,HOVER
1776375911.946,0.011,0.038,100.118,-0.291,0.168,0.300,12.320,0.000,HOVER
1776375912.382,0.009,0.032,100.114,-0.291,0.168,0.320,12.317,0.000,HOVER
1776375912.815,0.008,0.027,100.117,-0.290,0.169,0.342,12.315,0.000,HOVER
1776375913.294,0.006,0.022,100.111,-0.290,0.169,0.300,12.312,0.000,HOVER
1776375913.728,0.005,0.017,100.117,-0.290,0.169,0.352,12.309,0.000,HOVER
1776375914.159,0.004,0.014,100.115,-0.290,0.169,0.300,12.307,0.000,HOVER
1776375914.593,0.003,0.011,100.108,-0.289,0.169,0.300,12.304,0.000,HOVER
1776375915.024,0.003,0.009,100.117,-0.289,0.169,0.362,12.302,0.000,HOVER
1776375915.459,0.002,0.007,100.118,-0.289,0.169,0.300,12.299,0.000,HOVER
1776375915.892,0.002,0.005,100.119,-0.289,0.169,0.300,12.296,0.000,HOVER
1776375916.324,0.001,0.004,100.119,-0.289,0.169,0.300,12.294,0.000,HOVER
1776375916.774,0.001,0.003,100.120,-0.289,0.169,0.300,12.291,0.000,HOVER
1776375917.254,0.001,0.003,100.122,-0.289,0.169,0.300,12.289,0.000,HOVER
1776375917.797,0.001,0.002,100.125,-0.289,0.169,0.300,12.286,0.000,HOVER
1776375918.239,0.000,0.002,100.132,-0.289,0.169,0.300,12.283,0.000,HOVER
1776375918.673,0.000,0.001,100.134,-0.289,0.169,0.300,12.281,0.000,HOVER
1776375919.104,0.000,0.001,100.119,-0.289,0.169,0.300,12.278,0.000,HOVER
1776375919.534,0.000,0.001,100.126,-0.289,0.169,0.300,12.276,0.000,HOVER
1776375919.968,0.000,0.001,100.132,-0.289,0.169,0.300,12.273,0.000,HOVER
1776375920.402,0.000,0.000,100.107,-0.289,0.169,0.300,12.270,0.000,HOVER
1776375920.836,0.473,0.000,100.106,-0.289,0.800,0.300,12.268,0.000,FLYING
1776375921.271,1.428,-0.005,100.104,-0.289,0.800,0.300,12.265,0.000,FLYING
1776375921.706,2.714,-0.015,100.098,-0.236,0.800,0.300,12.263,0.000,FLYING
1776375922.137,4.190,-0.018,100.098,-0.236,0.800,0.334,12.260,0.000,FLYING
1776375922.571,5.765,-0.018,100.090,-0.237,0.800,0.300,12.257,0.000,FLYING
1776375923.006,7.391,-0.016,100.110,-0.237,0.800,0.402,12.255,0.000,FLYING
1776375923.442,9.044,-0.014,100.124,-0.237,0.800,0.300,12.252,0.000,FLYING
1776375923.874,10.711,0.260,100.081,0.800,0.800,0.300,12.250,0.000,FLYING
1776375924.308,12.385,1.559,100.091,0.800,0.800,0.361,12.247,0.000,FLYING
1776375924.743,14.064,3.452,100.093,0.800,0.800,0.300,12.244,0.000,FLYING
1776375925.179,15.744,5.655,100.094,0.800,0.800,0.300,12.242,0.000,FLYING
1776375925.616,17.425,8.020,100.094,0.800,0.800,0.300,12.239,0.000,FLYING
1776375926.052,19.107,10.469,100.093,0.800,0.800,0.300,12.237,0.000,FLYING
1776375926.488,20.789,12.963,100.087,0.800,0.800,0.300,12.234,0.000,FLYING
1776375926.923,22.471,15.479,100.088,0.800,0.800,0.332,12.231,0.000,FLYING
1776375927.355,24.154,18.008,100.080,0.800,0.800,0.304,12.229,0.000,FLYING
1776375927.788,25.836,20.542,100.097,0.800,0.800,0.391,12.226,0.000,FLYING
1776375928.223,27.519,23.080,100.108,0.800,0.800,0.300,12.224,0.000,FLYING
1776375928.656,29.201,25.620,100.096,0.800,0.800,0.300,12.221,0.000,FLYING
1776375929.090,30.883,28.160,100.106,0.800,0.800,0.300,12.218,0.000,FLYING
1776375929.525,32.566,30.701,100.099,0.800,0.800,0.300,12.216,0.000,FLYING
1776375929.959,34.248,33.243,100.112,0.800,0.800,0.300,12.213,0.000,FLYING
1776375930.395,35.931,35.784,100.075,0.800,0.800,0.300,12.211,0.000,FLYING
1776375930.829,37.613,38.325,100.074,0.800,0.800,0.324,12.208,0.000,FLYING
1776375931.263,39.295,40.867,100.074,0.800,0.800,0.329,12.205,0.000,FLYING
1776375931.696,40.978,43.408,100.071,0.800,0.800,0.314,12.203,0.000,FLYING
1776375932.132,42.660,45.950,100.080,0.800,0.800,0.361,12.200,0.000,FLYING
1776375932.568,44.362,48.038,100.081,0.800,0.800,0.300,12.198,0.000,FLYING
1776375933.002,46.082,49.672,100.081,0.800,0.800,0.300,12.195,0.000,FLYING
1776375933.436,47.812,50.899,100.080,0.163,0.800,0.300,12.192,0.000,FLYING
1776375933.908,49.548,51.400,100.075,0.160,0.800,0.300,12.190,0.000,FLYING
1776375934.344,50.918,51.500,100.075,0.173,-0.067,0.331,12.187,0.000,FLYING
1776375934.768,51.467,51.407,100.069,0.190,-0.074,0.309,12.185,0.000,FLYING
1776375935.205,51.582,51.236,100.082,0.207,-0.061,0.377,12.182,0.000,FLYING
1776375935.637,51.489,51.044,100.088,0.223,-0.043,0.300,12.179,0.000,FLYING
1776375936.071,51.310,50.861,100.100,0.237,-0.026,0.300,12.177,0.000,FLYING
1776375936.505,51.108,50.698,100.074,0.249,-0.009,0.300,12.174,0.000,FLYING
1776375936.939,50.914,50.560,100.073,0.258,0.005,0.300,12.172,0.000,FLYING
1776375937.374,50.742,50.446,100.069,0.266,0.017,0.300,12.169,0.000,FLYING
1776375937.809,50.596,50.353,100.066,0.272,0.027,0.321,12.166,0.000,FLYING
1776375938.244,50.474,50.278,100.069,0.277,0.035,0.339,12.164,0.000,FLYING
1776375938.674,50.376,50.218,100.062,0.281,0.041,0.300,12.161,0.000,FLYING
1776375939.108,50.296,50.171,100.074,0.284,0.046,0.369,12.159,0.000,FLYING
1776375939.538,50.233,50.134,100.077,0.286,0.050,0.300,12.156,0.000,FLYING
1776375939.972,50.183,50.105,100.083,0.288,0.053,0.300,12.153,0.000,FLYING
1776375940.405,50.143,50.082,100.095,0.290,0.056,0.300,12.151,0.000,FLYING
1776375940.839,50.112,50.064,100.069,0.291,0.058,0.300,12.148,0.000,FLYING
1776375941.273,50.087,50.050,100.068,0.292,0.059,0.300,12.146,0.000,FLYING
1776375941.705,50.068,50.039,100.064,0.293,0.060,0.300,12.143,0.000,HOVER
1776375942.140,50.053,50.030,100.058,0.293,0.061,0.311,12.140,0.000,HOVER
1776375942.574,50.042,50.024,100.070,0.294,0.062,0.372,12.138,0.000,HOVER
1776375943.011,50.032,50.018,100.075,0.294,0.062,0.300,12.135,0.000,HOVER
1776375943.444,49.985,50.015,100.083,0.293,0.249,0.300,12.133,0.000,FLYING
1776375943.878,49.958,50.012,100.090,0.293,0.254,0.300,12.130,0.000,FLYING
1776375944.314,49.950,50.009,100.064,0.293,0.253,0.300,12.127,0.000,HOVER
1776375944.744,49.950,50.007,100.063,0.293,0.253,0.300,12.125,0.000,HOVER
1776375945.176,49.955,50.006,100.058,0.293,0.252,0.300,12.122,0.000,HOVER
1776375945.610,49.587,49.138,100.055,-0.800,-0.800,0.318,12.120,0.000,FLYING
1776375946.041,48.216,47.402,100.061,-0.800,-0.459,0.350,12.117,0.000,FLYING
1776375946.478,46.711,46.047,100.058,0.800,-0.146,0.300,12.114,0.000,FLYING
1776375946.912,45.561,45.885,100.050,0.800,0.210,0.300,12.112,0.000,FLYING
1776375947.346,45.048,46.346,100.067,0.800,0.590,0.389,12.109,0.000,FLYING
1776375947.780,45.264,47.133,100.077,0.800,0.800,0.300,12.107,0.000,FLYING
1776375948.215,45.976,48.089,100.071,0.800,0.800,0.300,12.104,0.000,FLYING
1776375948.648,46.949,49.133,100.086,0.800,0.800,0.300,12.101,0.000,FLYING
1776375949.081,48.057,50.224,100.040,0.800,0.800,0.300,12.099,0.000,FLYING
1776375949.512,49.236,51.340,100.056,0.800,0.800,0.381,12.096,0.000,FLYING
1776375949.947,50.452,52.467,100.065,0.800,0.800,0.300,12.094,0.000,FLYING
1776375950.381,51.687,52.599,100.081,-0.800,0.800,0.300,12.091,0.000,FLYING
1776375950.817,52.932,51.385,100.034,-0.800,0.800,0.300,12.088,0.000,FLYING
1776375951.253,54.183,49.543,100.055,-0.465,0.800,0.399,12.086,0.000,FLYING
1776375951.686,54.400,47.764,100.071,-0.110,-0.800,0.300,12.083,0.000,FLYING
1776375952.121,53.289,46.470,100.037,0.269,-0.800,0.300,12.081,0.000,FLYING
1776375952.555,51.482,45.902,100.034,0.666,-0.800,0.312,12.078,0.000,FLYING
1776375952.991,49.323,46.082,100.047,0.800,-0.625,0.369,12.075,0.000,FLYING
1776375953.428,47.380,46.721,100.052,0.800,-0.100,0.300,12.073,0.000,FLYING
1776375953.861,46.068,47.601,100.059,0.800,0.279,0.300,12.070,0.000,FLYING
1776375954.294,45.649,48.654,100.072,0.800,0.012,0.300,12.068,0.000,FLYING
1776375954.728,46.081,49.955,100.050,0.800,0.372,0.300,12.065,0.000,FLYING
1776375955.160,47.215,51.397,100.053,0.800,0.566,0.300,12.062,0.000,FLYING
1776375955.592,48.886,52.912,100.056,0.800,0.613,0.300,12.060,0.000,FLYING
1776375956.024,50.830,54.465,100.060,0.800,0.487,0.300,12.057,0.000,FLYING
1776375956.457,52.728,55.344,100.069,-0.800,0.230,0.300,12.055,0.000,FLYING
1776375956.893,54.260,54.761,100.072,-0.800,-0.098,0.300,12.052,0.000,FLYING
1776375957.328,55.174,53.391,100.057,-0.800,-0.466,0.300,12.049,0.000,FLYING
1776375957.762,55.334,51.609,100.065,-0.800,-0.800,0.300,12.047,0.000,FLYING
1776375958.197,54.887,49.612,100.075,-0.800,-0.800,0.300,12.044,0.000,FLYING
1776375958.634,54.114,47.504,100.039,-0.800,-0.800,0.300,12.042,0.000,FLYING
1776375959.069,53.170,45.851,100.034,0.267,-0.800,0.307,12.039,0.000,FLYING
1776375959.503,52.137,45.307,100.049,0.645,-0.800,0.382,12.036,0.000,FLYING
1776375959.935,51.058,45.702,100.057,0.800,-0.800,0.300,12.034,0.000,FLYING
1776375960.369,49.955,46.671,100.071,0.800,-0.800,0.300,12.031,0.000,FLYING
1776375960.801,48.839,47.939,100.027,0.800,-0.800,0.300,12.029,0.000,FLYING
1776375961.236,47.717,49.363,100.041,0.800,-0.800,0.372,12.026,0.000,FLYING
1776375961.670,46.591,50.869,100.047,0.800,-0.800,0.300,12.023,0.000,FLYING
1776375962.103,46.388,52.418,100.056,0.800,0.800,0.300,12.021,0.000,FLYING
1776375962.676,47.570,53.988,100.066,0.800,0.800,0.300,12.018,0.000,FLYING
1776375963.111,49.462,55.236,100.034,-0.527,0.618,0.300,12.016,0.000,FLYING
1776375963.546,51.452,55.065,100.029,-0.800,0.270,0.300,12.013,0.000,FLYING
1776375963.983,53.067,53.917,100.039,-0.800,-0.098,0.363,12.010,0.000,FLYING
1776375964.416,54.017,52.251,100.042,-0.800,-0.486,0.300,12.008,0.000,FLYING
1776375964.848,54.174,50.315,100.044,-0.800,-0.800,0.300,12.005,0.000,FLYING
1776375965.285,53.701,48.266,100.047,-0.800,-0.800,0.300,12.003,0.000,FLYING
1776375965.723,52.691,46.451,100.052,-0.504,-0.800,0.300,12.000,0.000,FLYING
1776375966.158,51.359,45.393,100.062,0.099,-0.800,0.300,11.997,0.000,FLYING
1776375966.594,49.860,45.292,100.055,0.433,-0.800,0.300,11.995,0.000,FLYING
1776375967.026,48.274,46.063,100.069,0.699,-0.800,0.300,11.992,0.000,FLYING
1776375967.459,46.641,47.524,100.023,0.800,-0.800,0.300,11.990,0.000,FLYING
1776375967.892,44.985,49.400,100.040,0.800,-0.800,0.385,11.987,0.000,FLYING
1776375968.326,44.287,51.458,100.050,0.561,0.655,0.300,11.984,0.000,FLYING
1776375968.759,44.871,53.304,100.054,0.229,0.800,0.300,11.982,0.000,FLYING
1776375969.195,46.200,54.620,100.042,-0.128,0.800,0.300,11.979,0.000,FLYING
1776375969.626,47.919,55.208,100.052,-0.498,0.800,0.300,11.977,0.000,FLYING
1776375970.060,49.841,54.996,100.051,-0.800,0.800,0.300,11.974,0.000,FLYING
1776375970.493,51.869,54.178,100.051,-0.800,0.800,0.300,11.971,0.000,FLYING
1776375970.928,53.822,53.035,100.050,-0.800,-0.126,0.300,11.969,0.000,FLYING
1776375971.364,54.812,51.724,100.052,-0.800,-0.445,0.300,11.966,0.000,FLYING
1776375971.799,54.774,50.324,100.045,-0.800,-0.800,0.300,11.964,0.000,FLYING
1776375972.232,53.966,48.878,100.059,-0.800,-0.800,0.300,11.961,0.000,FLYING
1776375972.667,52.740,47.409,100.021,-0.800,-0.800,0.300,11.958,0.000,FLYING
1776375973.099,51.296,45.926,100.023,-0.800,-0.800,0.335,11.956,0.000,FLYING
1776375973.533,49.739,44.810,100.016,0.655,-0.800,0.300,11.953,0.000,FLYING
1776375973.967,48.121,45.195,100.037,0.800,-0.800,0.400,11.951,0.000,FLYING
1776375974.403,46.473,46.510,100.053,0.800,-0.800,0.300,11.948,0.000,FLYING
1776375974.837,44.941,48.310,100.015,0.800,0.484,0.300,11.945,0.000,FLYING
1776375975.272,44.677,50.363,100.018,0.800,0.718,0.332,11.943,0.000,FLYING
1776375975.706,45.521,52.523,100.013,0.470,0.800,0.307,11.940,0.000,FLYING
1776375976.142,46.987,54.069,100.030,-0.195,0.800,0.383,11.938,0.000,FLYING
1776375976.575,48.676,54.576,100.040,-0.113,0.800,0.300,11.935,0.000,FLYING
1776375977.010,50.435,54.239,100.051,-0.412,0.800,0.300,11.932,0.000,FLYING
1776375977.442,52.230,53.135,100.021,-0.615,0.800,0.300,11.930,0.000,FLYING
1776375977.930,54.011,51.457,100.017,-0.670,0.399,0.300,11.927,0.000,FLYING
1776375978.374,54.887,49.479,100.024,-0.545,-0.436,0.346,11.925,0.000,FLYING
1776375978.810,54.660,47.528,100.021,-0.284,-0.768,0.300,11.922,0.000,FLYING
1776375979.244,53.615,45.932,100.019,0.046,-0.800,0.319,11.919,0.000,FLYING
1776375979.676,52.117,44.949,100.025,0.413,-0.800,0.345,11.917,0.000,FLYING
1776375980.109,50.383,44.728,100.022,0.800,-0.800,0.300,11.914,0.000,FLYING
1776375980.543,48.526,45.164,100.022,0.800,-0.800,0.327,11.912,0.000,FLYING
1776375980.976,46.605,45.961,100.021,0.800,-0.800,0.322,11.909,0.000,FLYING
1776375981.412,45.113,46.946,100.023,0.800,0.202,0.335,11.906,0.000,FLYING
1776375981.850,44.684,48.030,100.017,0.800,0.564,0.300,11.904,0.000,FLYING
1776375982.283,45.194,49.165,100.036,0.800,0.800,0.394,11.901,0.000,FLYING
1776375982.798,46.334,50.327,100.049,0.800,0.800,0.300,11.899,0.000,FLYING
1776375983.234,47.806,51.502,100.029,0.800,0.800,0.300,11.896,0.000,FLYING
1776375983.670,49.451,52.685,100.032,0.800,0.800,0.300,11.893,0.000,FLYING
1776375984.106,51.187,53.872,100.036,0.800,0.800,0.300,11.891,0.000,FLYING
1776375984.540,52.970,53.848,100.042,-0.800,0.800,0.300,11.888,0.000,FLYING
1776375984.976,54.680,52.577,100.053,-0.800,-0.257,0.300,11.886,0.000,FLYING
1776375985.409,55.287,50.654,100.041,-0.800,-0.573,0.300,11.883,0.000,FLYING
1776375985.844,54.788,48.585,100.052,-0.308,-0.800,0.300,11.880,0.000,FLYING
1776375986.278,53.579,46.912,100.041,0.061,-0.800,0.300,11.878,0.000,FLYING
1776375986.714,51.996,45.915,100.052,0.446,-0.800,0.300,11.875,0.000,FLYING
1776375987.152,50.217,45.722,100.041,0.800,-0.800,0.300,11.873,0.000,FLYING
1776375987.585,48.215,46.438,100.052,0.707,-0.800,0.300,11.870,0.000,FLYING
1776375988.018,46.069,47.882,100.042,0.689,0.239,0.300,11.867,0.000,FLYING
1776375988.455,44.866,49.727,100.054,0.670,0.551,0.300,11.865,0.000,FLYING
1776375988.888,44.682,51.704,100.035,0.477,0.800,0.300,11.862,0.000,FLYING
1776375989.323,45.175,53.497,100.039,0.180,0.800,0.300,11.860,0.000,FLYING
1776375989.758,46.022,54.809,100.047,-0.166,0.800,0.300,11.857,0.000,FLYING
1776375990.188,47.055,55.429,100.061,-0.538,0.800,0.300,11.854,0.000,FLYING
1776375990.621,48.184,55.278,100.014,-0.800,0.800,0.300,11.852,0.000,FLYING
1776375991.136,49.364,54.567,100.035,-0.800,0.800,0.398,11.849,0.000,FLYING
1776375991.569,50.571,53.561,100.049,-0.800,0.800,0.300,11.847,0.000,FLYING
1776375992.067,51.791,52.402,100.020,-0.800,0.800,0.300,11.844,0.000,FLYING
1776375992.636,53.018,51.266,100.016,-0.175,0.800,0.300,11.841,0.000,FLYING
1776375993.072,54.249,50.644,100.023,-0.187,0.800,0.346,11.839,0.000,FLYING
1776375993.509,55.482,50.364,100.020,-0.183,0.800,0.300,11.836,0.000,FLYING
1776375993.943,56.207,50.266,100.019,-0.185,0.120,0.320,11.834,0.000,FLYING
1776375994.379,56.418,50.258,100.024,-0.189,0.130,0.342,11.831,0.000,FLYING
1776375994.815,56.375,50.294,100.020,-0.194,0.146,0.300,11.828,0.000,FLYING
1776375995.247,56.221,50.345,100.026,-0.198,0.164,0.347,11.826,0.000,FLYING
1776375995.682,56.030,50.398,100.023,-0.203,0.180,0.300,11.823,0.000,FLYING
1776375996.114,55.840,50.448,100.020,-0.206,0.195,0.316,11.821,0.000,FLYING
1776375996.549,55.669,50.492,100.028,-0.209,0.207,0.355,11.818,0.000,FLYING
1776375996.983,55.521,50.529,100.028,-0.212,0.217,0.300,11.815,0.000,FLYING
1776375997.419,55.397,50.559,100.024,-0.214,0.225,0.300,11.813,0.000,FLYING
1776375997.854,55.296,50.584,100.024,-0.216,0.232,0.327,11.810,0.000,FLYING
1776375998.286,55.215,50.603,100.022,-0.217,0.237,0.322,11.808,0.000,FLYING
1776375998.722,55.198,50.546,100.025,0.319,-0.115,0.336,11.805,0.000,FLYING
1776375999.157,55.191,50.491,100.018,0.240,-0.059,0.300,11.802,0.000,FLYING
1776375999.591,55.162,50.483,100.036,0.238,-0.056,0.390,11.800,0.000,FLYING
1776376000.025,55.126,50.497,100.048,0.236,-0.053,0.300,11.797,0.000,FLYING
1776376000.455,55.090,50.520,100.038,0.234,-0.050,0.300,11.795,0.000,FLYING
1776376000.889,55.057,50.544,100.050,0.232,-0.048,0.300,11.792,0.000,FLYING
1776376001.321,55.028,50.568,100.034,0.230,-0.046,0.300,11.789,0.000,FLYING
1776376001.758,55.004,50.588,100.040,0.228,-0.044,0.300,11.787,0.000,FLYING
1776376002.192,54.985,50.606,100.051,0.227,-0.043,0.300,11.784,0.000,HOVER
1776376002.767,54.969,50.620,100.040,0.226,-0.042,0.300,11.782,0.000,HOVER
1776376003.205,54.957,50.632,100.050,0.226,-0.041,0.300,11.779,0.000,HOVER
1776376003.672,54.947,50.641,100.045,0.225,-0.040,0.300,11.776,0.000,HOVER
1776376004.108,54.939,50.649,100.060,0.224,-0.040,0.300,11.774,0.000,HOVER
1776376004.538,54.932,50.655,100.012,0.224,-0.040,0.300,11.771,0.000,HOVER
1776376004.975,54.928,50.659,100.034,0.224,-0.039,0.403,11.769,0.000,HOVER
1776376005.412,54.924,50.663,100.051,0.224,-0.039,0.300,11.766,0.000,HOVER
1776376005.845,54.921,50.666,100.007,0.223,-0.039,0.300,11.763,0.000,HOVER
1776376006.281,54.918,50.668,100.026,0.223,-0.039,0.389,11.761,0.000,HOVER
1776376006.714,54.917,50.670,100.039,0.223,-0.039,0.300,11.758,0.000,HOVER
1776376007.147,54.915,50.671,100.035,0.223,-0.039,0.300,11.756,0.000,HOVER
1776376007.582,54.914,50.672,100.052,0.223,-0.038,0.300,11.753,0.000,HOVER
1776376008.016,54.913,50.673,100.008,0.223,-0.038,0.300,11.750,0.000,HOVER
1776376008.448,54.912,50.674,100.027,0.223,-0.038,0.387,11.748,0.000,HOVER
1776376008.882,54.912,50.674,100.039,0.223,-0.038,0.300,11.745,0.000,HOVER
1776376009.315,54.912,50.675,100.039,0.223,-0.038,0.300,11.743,0.000,HOVER
1776376009.750,54.923,50.717,100.044,0.223,-0.038,0.300,11.740,0.000,HOVER
1776376010.211,54.945,50.798,100.032,-0.209,-0.159,0.300,11.737,0.000,FLYING
1776376010.677,54.952,50.824,100.042,-0.209,-0.159,0.300,11.735,0.000,FLYING
1776376011.106,54.951,50.822,100.049,-0.207,-0.158,0.300,11.732,0.000,HOVER
1776376011.541,54.947,50.808,100.030,-0.206,-0.158,0.300,11.730,0.000,HOVER
1776376011.972,54.942,50.789,100.034,-0.204,-0.157,0.300,11.727,0.000,HOVER
1776376012.409,54.937,50.770,100.040,-0.202,-0.157,0.300,11.724,0.000,HOVER
1776376012.847,54.932,50.753,100.050,-0.201,-0.156,0.300,11.722,0.000,HOVER
1776376013.281,54.928,50.738,100.046,-0.200,-0.156,0.300,11.719,0.000,HOVER
1776376013.716,54.924,50.726,100.056,-0.199,-0.156,0.300,11.717,0.000,HOVER
1776376014.152,54.921,50.716,100.025,-0.199,-0.156,0.300,11.714,0.000,HOVER
1776376014.587,54.919,50.707,100.021,-0.198,-0.156,0.300,11.711,0.000,HOVER
1776376015.024,54.917,50.701,100.026,-0.198,-0.155,0.345,11.709,0.000,HOVER
1776376015.456,54.915,50.695,100.022,-0.197,-0.155,0.300,11.706,0.000,HOVER
1776376015.890,54.914,50.691,100.024,-0.197,-0.155,0.331,11.704,0.000,HOVER
1776376016.323,54.913,50.688,100.019,-0.197,-0.155,0.309,11.701,0.000,HOVER
1776376016.756,54.913,50.685,100.033,-0.197,-0.155,0.377,11.698,0.000,HOVER
1776376017.190,54.912,50.683,100.040,-0.197,-0.155,0.300,11.696,0.000,HOVER
1776376017.624,54.912,50.682,100.053,-0.197,-0.155,0.300,11.693,0.000,HOVER
1776376018.060,54.911,50.681,100.029,-0.196,-0.155,0.300,11.691,0.000,HOVER
1776376018.492,54.911,50.680,100.029,-0.196,-0.155,0.300,11.688,0.000,HOVER
1776376018.927,54.911,50.679,100.028,-0.196,-0.155,0.300,11.685,0.000,HOVER
1776376019.363,54.911,50.678,100.022,-0.196,-0.155,0.300,11.683,0.000,HOVER
1776376019.797,54.911,50.678,100.032,-0.196,-0.155,0.364,11.680,0.000,HOVER
1776376020.232,54.910,50.677,100.035,-0.196,-0.155,0.300,11.678,0.000,HOVER
1776376020.667,54.910,50.677,100.038,-0.196,-0.155,0.300,11.675,0.000,HOVER
1776376021.102,54.798,50.691,100.043,-0.251,0.293,0.300,11.672,0.000,FLYING
1776376021.534,54.760,50.695,100.052,-0.251,0.292,0.300,11.670,0.000,FLYING
1776376021.968,54.757,50.696,100.051,-0.251,0.290,0.300,11.667,0.000,HOVER
1776376022.399,54.769,50.694,100.049,-0.251,0.288,0.300,11.665,0.000,HOVER
1776376022.834,54.788,50.692,100.053,-0.251,0.286,0.300,11.662,0.000,HOVER
1776376023.267,54.808,50.689,100.040,-0.250,0.285,0.300,11.659,0.000,HOVER
1776376023.701,54.826,50.687,100.049,-0.250,0.284,0.300,11.657,0.000,HOVER
1776376024.136,54.842,50.685,100.051,-0.250,0.282,0.300,11.654,0.000,HOVER
1776376024.568,54.856,50.683,100.042,-0.250,0.281,0.300,11.652,0.000,HOVER
1776376025.004,54.867,50.682,100.055,-0.250,0.281,0.300,11.649,0.000,HOVER
1776376025.441,54.876,50.680,100.030,-0.250,0.280,0.300,11.646,0.000,HOVER
1776376025.877,54.883,50.680,100.030,-0.250,0.280,0.300,11.644,0.000,HOVER
1776376026.312,54.889,50.679,100.028,-0.250,0.279,0.300,11.641,0.000,HOVER
1776376026.746,54.894,50.678,100.020,-0.250,0.279,0.300,11.639,0.000,HOVER
1776376027.178,54.897,50.678,100.039,-0.250,0.279,0.395,11.636,0.000,HOVER
1776376027.615,54.900,50.677,100.052,-0.250,0.278,0.300,11.633,0.000,HOVER
1776376028.049,54.902,50.677,100.029,-0.250,0.278,0.300,11.631,0.000,HOVER
1776376028.482,54.904,50.677,100.030,-0.250,0.278,0.300,11.628,0.000,HOVER
1776376028.916,54.905,50.677,100.029,-0.250,0.278,0.300,11.626,0.000,HOVER
1776376029.354,54.906,50.677,100.026,-0.250,0.278,0.300,11.623,0.000,HOVER
1776376029.786,54.907,50.677,100.021,-0.249,0.278,0.311,11.620,0.000,HOVER
1776376030.220,54.908,50.676,100.033,-0.249,0.278,0.370,11.618,0.000,HOVER
1776376030.655,54.908,50.676,100.038,-0.249,0.278,0.300,11.615,0.000,HOVER
1776376031.088,54.909,50.676,100.046,-0.249,0.278,0.300,11.613,0.000,HOVER
1776376031.524,54.909,50.676,100.060,-0.249,0.278,0.300,11.610,0.000,HOVER
1776376031.962,54.938,50.562,100.016,0.285,0.145,0.300,11.607,0.000,FLYING
1776376032.397,54.954,50.500,100.029,0.295,0.141,0.369,11.605,0.000,FLYING
1776376032.827,54.957,50.488,100.034,0.293,0.142,0.300,11.602,0.000,HOVER
1776376033.259,54.954,50.500,100.041,0.291,0.142,0.300,11.600,0.000,HOVER
1776376033.697,54.949,50.521,100.055,0.289,0.143,0.300,11.597,0.000,HOVER
1776376034.133,54.943,50.546,100.026,0.287,0.143,0.300,11.594,0.000,HOVER
1776376034.568,54.937,50.569,100.024,0.285,0.144,0.300,11.592,0.000,HOVER
1776376035.001,54.932,50.589,100.018,0.284,0.144,0.307,11.589,0.000,HOVER
1776376035.435,54.928,50.606,100.034,0.283,0.144,0.382,11.587,0.000,HOVER
1776376035.871,54.924,50.620,100.043,0.282,0.145,0.300,11.584,0.000,HOVER
1776376036.304,54.921,50.632,100.056,0.281,0.145,0.300,11.581,0.000,HOVER
1776376036.736,54.919,50.641,100.018,0.280,0.145,0.300,11.579,0.000,HOVER
1776376037.169,54.917,50.649,100.020,0.280,0.145,0.331,11.576,0.000,HOVER
1776376037.601,54.915,50.655,100.016,0.279,0.145,0.309,11.574,0.000,HOVER
1776376038.036,54.914,50.659,100.030,0.279,0.145,0.376,11.571,0.000,HOVER
1776376038.474,54.913,50.663,100.037,0.279,0.145,0.300,11.568,0.000,HOVER
1776376038.911,54.913,50.666,100.049,0.279,0.145,0.300,11.566,0.000,HOVER
1776376039.345,54.912,50.668,100.035,0.278,0.145,0.300,11.563,0.000,HOVER
1776376039.776,54.912,50.670,100.044,0.278,0.145,0.300,11.561,0.000,HOVER
1776376040.209,54.911,50.671,100.057,0.278,0.145,0.300,11.558,0.000,HOVER
1776376040.643,54.911,50.672,100.017,0.278,0.145,0.300,11.555,0.000,HOVER
1776376041.081,54.911,50.673,100.022,0.278,0.145,0.342,11.553,0.000,HOVER
1776376041.514,54.911,50.674,100.019,0.278,0.145,0.300,11.550,0.000,HOVER
1776376041.948,54.911,50.674,100.025,0.278,0.145,0.347,11.548,0.000,HOVER
1776376042.381,54.910,50.675,100.022,0.278,0.146,0.300,11.545,0.000,HOVER
1776376042.813,54.903,50.709,100.020,0.026,0.200,0.318,11.542,0.000,FLYING
1776376043.245,54.896,50.742,100.026,0.061,0.192,0.349,11.540,0.000,FLYING
1776376043.679,54.894,50.751,100.024,0.061,0.192,0.300,11.537,0.000,HOVER
1776376044.111,54.895,50.748,100.017,0.062,0.192,0.303,11.535,0.000,HOVER
1776376044.544,54.896,50.740,100.037,0.063,0.192,0.396,11.532,0.000,HOVER
1776376044.979,54.898,50.730,100.051,0.064,0.191,0.300,11.529,0.000,HOVER
1776376045.413,54.900,50.721,100.026,0.064,0.191,0.300,11.527,0.000,HOVER
1776376045.845,54.902,50.713,100.026,0.065,0.191,0.300,11.524,0.000,HOVER
1776376046.279,54.904,50.706,100.023,0.065,0.191,0.300,11.522,0.000,HOVER
1776376046.713,54.905,50.700,100.021,0.066,0.191,0.320,11.519,0.000,HOVER
1776376047.148,54.906,50.695,100.026,0.066,0.191,0.343,11.516,0.000,HOVER
1776376047.580,54.907,50.691,100.021,0.066,0.191,0.300,11.514,0.000,HOVER
1776376048.017,54.908,50.688,100.026,0.067,0.191,0.345,11.511,0.000,HOVER
1776376048.452,54.908,50.685,100.023,0.067,0.191,0.300,11.509,0.000,HOVER
1776376048.885,54.909,50.683,100.023,0.067,0.191,0.327,11.506,0.000,HOVER
1776376049.319,54.909,50.682,100.021,0.067,0.191,0.321,11.503,0.000,HOVER
1776376049.749,54.909,50.681,100.025,0.067,0.191,0.339,11.501,0.000,HOVER
1776376050.183,54.909,50.680,100.019,0.067,0.191,0.300,11.498,0.000,HOVER
1776376050.616,54.909,50.679,100.032,0.067,0.191,0.371,11.496,0.000,HOVER
1776376051.051,54.910,50.678,100.037,0.067,0.191,0.300,11.493,0.000,HOVER
1776376051.486,54.910,50.678,100.046,0.067,0.191,0.300,11.490,0.000,HOVER
1776376051.923,54.910,50.677,100.058,0.067,0.191,0.300,11.488,0.000,HOVER
1776376052.356,54.910,50.677,100.019,0.067,0.191,0.300,11.485,0.000,HOVER
1776376052.790,54.910,50.677,100.022,0.067,0.191,0.336,11.483,0.000,HOVER
1776376053.225,54.910,50.677,100.016,0.067,0.191,0.300,11.480,0.000,HOVER
1776376053.656,54.948,50.654,100.035,0.067,0.191,0.393,11.477,0.000,HOVER
1776376054.090,55.022,50.609,100.048,0.307,-0.206,0.300,11.475,0.000,FLYING
1776376054.524,55.046,50.594,100.031,0.306,-0.205,0.300,11.472,0.000,HOVER
1776376054.960,55.044,50.595,100.038,0.306,-0.204,0.300,11.470,0.000,HOVER
1776376055.391,55.031,50.603,100.049,0.305,-0.202,0.300,11.467,0.000,HOVER
1776376055.825,55.014,50.614,100.040,0.304,-0.201,0.300,11.464,0.000,HOVER
1776376056.262,54.997,50.624,100.053,0.303,-0.199,0.300,11.462,0.000,HOVER
1776376056.693,54.981,50.634,100.030,0.302,-0.198,0.300,11.459,0.000,HOVER
1776376057.129,54.967,50.642,100.031,0.301,-0.197,0.300,11.457,0.000,HOVER
1776376057.566,54.956,50.649,100.032,0.301,-0.197,0.300,11.454,0.000,HOVER
1776376058.003,54.946,50.654,100.030,0.301,-0.196,0.300,11.451,0.000,HOVER
1776376058.437,54.939,50.659,100.025,0.300,-0.195,0.300,11.449,0.000,HOVER
1776376058.871,54.933,50.663,100.029,0.300,-0.195,0.344,11.446,0.000,HOVER
1776376059.308,54.928,50.666,100.025,0.300,-0.195,0.300,11.444,0.000,HOVER
1776376059.746,54.924,50.668,100.027,0.300,-0.195,0.337,11.441,0.000,HOVER
1776376060.179,54.921,50.670,100.020,0.300,-0.194,0.300,11.438,0.000,HOVER
1776376060.611,54.919,50.671,100.036,0.300,-0.194,0.384,11.436,0.000,HOVER
1776376061.042,54.917,50.672,100.045,0.299,-0.194,0.300,11.433,0.000,HOVER
1776376061.479,54.915,50.673,100.053,0.299,-0.194,0.300,11.431,0.000,HOVER
1776376061.913,54.914,50.674,100.029,0.299,-0.194,0.300,11.428,0.000,HOVER
1776376062.347,54.913,50.674,100.029,0.299,-0.194,0.300,11.425,0.000,HOVER
1776376062.780,54.912,50.675,100.027,0.299,-0.194,0.300,11.423,0.000,HOVER
1776376063.210,54.912,50.675,100.019,0.299,-0.194,0.300,11.420,0.000,HOVER
1776376063.646,54.912,50.675,100.038,0.299,-0.194,0.393,11.418,0.000,HOVER
1776376064.079,54.911,50.676,100.050,0.299,-0.194,0.300,11.415,0.000,HOVER
1776376064.508,54.911,50.676,100.034,0.299,-0.194,0.300,11.412,0.000,HOVER
1776376064.943,54.804,50.808,100.041,-0.230,0.234,0.300,11.410,0.000,FLYING
1776376065.376,54.768,50.853,100.053,-0.228,0.232,0.300,11.407,0.000,FLYING
1776376065.808,54.764,50.857,100.032,-0.226,0.231,0.300,11.405,0.000,HOVER
1776376066.245,54.776,50.842,100.036,-0.224,0.229,0.300,11.402,0.000,HOVER
1776376066.680,54.794,50.820,100.041,-0.222,0.227,0.300,11.399,0.000,HOVER
1776376067.115,54.813,50.797,100.049,-0.220,0.226,0.300,11.397,0.000,HOVER
1776376067.549,54.830,50.775,100.056,-0.218,0.224,0.300,11.394,0.000,HOVER
1776376067.981,54.845,50.756,100.033,-0.217,0.223,0.300,11.392,0.000,HOVER
1776376068.415,54.858,50.740,100.035,-0.216,0.222,0.300,11.389,0.000,HOVER
1776376068.845,54.869,50.727,100.038,-0.215,0.222,0.300,11.386,0.000,HOVER
1776376069.280,54.878,50.716,100.041,-0.214,0.221,0.300,11.384,0.000,HOVER
1776376069.713,54.884,50.708,100.047,-0.214,0.221,0.300,11.381,0.000,HOVER
1776376070.148,54.890,50.701,100.060,-0.213,0.220,0.300,11.379,0.000,HOVER
1776376070.583,54.894,50.696,100.029,-0.213,0.220,0.300,11.376,0.000,HOVER
1776376071.019,54.898,50.691,100.025,-0.213,0.220,0.300,11.373,0.000,HOVER
1776376071.456,54.900,50.688,100.026,-0.212,0.220,0.333,11.371,0.000,HOVER
1776376071.890,54.903,50.686,100.019,-0.212,0.220,0.303,11.368,0.000,HOVER
1776376072.324,54.904,50.683,100.038,-0.212,0.219,0.394,11.366,0.000,HOVER
1776376072.758,54.905,50.682,100.051,-0.212,0.219,0.300,11.363,0.000,HOVER
1776376073.196,54.906,50.681,100.031,-0.212,0.219,0.300,11.360,0.000,HOVER
1776376073.630,54.907,50.680,100.035,-0.212,0.219,0.300,11.358,0.000,HOVER
1776376074.065,54.908,50.679,100.042,-0.212,0.219,0.300,11.355,0.000,HOVER
1776376074.499,54.908,50.678,100.053,-0.212,0.219,0.300,11.353,0.000,HOVER
1776376074.933,54.909,50.678,100.038,-0.212,0.219,0.300,11.350,0.000,HOVER
1776376075.368,54.909,50.677,100.046,-0.212,0.219,0.300,11.347,0.000,HOVER
1776376075.803,54.913,50.566,100.060,0.310,0.202,0.300,11.345,0.000,FLYING
1776376076.234,54.915,50.505,100.015,0.319,0.202,0.300,11.342,0.000,FLYING
1776376076.668,54.967,50.493,100.030,0.318,0.800,0.377,11.340,0.000,HOVER
1776376077.102,55.552,50.505,100.038,0.315,0.800,0.300,11.337,0.000,FLYING
1776376077.534,56.516,50.526,100.051,0.313,0.800,0.300,11.334,0.000,FLYING
1776376077.968,57.678,50.549,100.029,0.311,0.800,0.300,11.332,0.000,FLYING
1776376078.400,58.943,50.571,100.032,0.309,0.800,0.300,11.329,0.000,FLYING
1776376078.834,60.261,50.591,100.035,0.308,0.800,0.300,11.327,0.000,FLYING
1776376079.331,61.608,50.608,100.038,0.307,0.800,0.300,11.324,0.000,FLYING
1776376079.763,62.970,50.622,100.043,0.306,0.800,0.300,11.321,0.000,FLYING
1776376080.196,64.339,50.633,100.053,0.305,0.800,0.300,11.319,0.000,FLYING
1776376080.630,65.712,50.642,100.047,0.305,0.800,0.300,11.316,0.000,FLYING
1776376081.063,67.088,50.650,100.061,0.304,0.800,0.300,11.314,0.000,FLYING
1776376081.498,68.464,50.655,100.017,0.304,0.800,0.300,11.311,0.000,FLYING
1776376081.931,69.841,50.660,100.029,0.303,0.800,0.366,11.308,0.000,FLYING
1776376082.362,71.218,50.663,100.033,0.303,0.800,0.300,11.306,0.000,FLYING
1776376082.797,72.596,50.666,100.038,0.303,0.800,0.300,11.303,0.000,FLYING
1776376083.232,73.973,50.668,100.046,0.303,0.800,0.300,11.301,0.000,FLYING
1776376083.669,75.351,50.670,100.058,0.303,0.800,0.300,11.298,0.000,FLYING
1776376084.101,76.729,50.671,100.021,0.303,0.800,0.300,11.295,0.000,FLYING
1776376084.537,78.106,50.673,100.020,0.303,0.800,0.321,11.293,0.000,FLYING
1776376084.971,79.484,50.673,100.024,0.303,0.800,0.341,11.290,0.000,FLYING
1776376085.404,80.862,50.674,100.019,0.302,0.800,0.300,11.288,0.000,FLYING
1776376085.838,82.239,50.674,100.028,0.302,0.800,0.358,11.285,0.000,FLYING
1776376086.268,83.617,50.675,100.029,0.302,0.800,0.300,11.282,0.000,FLYING
1776376086.702,85.094,50.735,100.028,-0.138,0.800,0.300,11.280,0.000,FLYING
1776376087.136,86.947,50.791,100.022,-0.075,0.800,0.300,11.277,0.000,FLYING
1776376087.572,89.017,50.806,100.031,-0.074,0.800,0.358,11.275,0.000,FLYING
1776376088.007,91.201,50.801,100.031,-0.072,0.800,0.300,11.272,0.000,FLYING
1776376088.442,93.445,50.787,100.030,-0.071,0.800,0.300,11.269,0.000,FLYING
1776376088.874,95.719,50.771,100.024,-0.070,0.800,0.300,11.267,0.000,FLYING
1776376089.309,98.010,50.754,100.029,-0.068,0.800,0.347,11.264,0.000,FLYING
1776376089.745,100.309,50.740,100.026,-0.067,0.800,0.300,11.262,0.000,FLYING
1776376090.178,102.612,50.727,100.023,-0.067,0.800,0.319,11.259,0.000,FLYING
1776376090.612,104.839,50.717,100.028,-0.066,-0.070,0.346,11.256,0.000,FLYING
1776376091.043,106.055,50.709,100.025,-0.065,-0.300,0.300,11.254,0.000,FLYING
1776376091.476,106.503,50.702,100.023,-0.065,-0.295,0.322,11.251,0.000,FLYING
1776376091.912,106.560,50.696,100.026,-0.065,-0.280,0.337,11.249,0.000,HOVER
1776376092.345,106.434,50.692,100.019,-0.064,-0.260,0.300,11.246,0.000,FLYING
1776376092.778,106.237,50.689,100.036,-0.064,-0.241,0.387,11.243,0.000,FLYING
1776376093.208,106.025,50.686,100.046,-0.064,-0.224,0.300,11.241,0.000,FLYING
1776376093.643,105.826,50.684,100.046,-0.064,-0.209,0.300,11.238,0.000,FLYING
1776376094.077,105.652,50.682,100.047,-0.064,-0.197,0.300,11.236,0.000,FLYING
1776376094.511,105.504,50.681,100.045,-0.064,-0.187,0.300,11.233,0.000,FLYING
1776376094.946,105.382,50.680,100.050,-0.064,-0.179,0.300,11.230,0.000,FLYING
1776376095.380,105.283,50.679,100.037,-0.063,-0.172,0.300,11.228,0.000,FLYING
1776376095.815,105.204,50.678,100.047,-0.063,-0.167,0.300,11.225,0.000,FLYING
1776376096.250,105.141,50.678,100.048,-0.063,-0.163,0.300,11.223,0.000,FLYING
1776376096.683,105.091,50.678,100.045,-0.063,-0.160,0.300,11.220,0.000,FLYING
1776376097.118,105.052,50.677,100.055,-0.063,-0.158,0.300,11.217,0.000,FLYING
1776376097.551,105.001,50.696,100.024,-0.063,-0.156,0.300,11.215,0.000,FLYING
1776376097.982,104.937,50.734,100.020,-0.267,0.055,0.300,11.212,0.000,FLYING
1776376098.415,104.906,50.746,100.026,-0.266,0.056,0.346,11.210,0.000,FLYING
1776376098.881,104.892,50.745,100.022,-0.266,0.057,0.300,11.207,0.000,HOVER
1776376099.313,104.887,50.739,100.022,-0.265,0.056,0.325,11.204,0.000,HOVER
1776376099.747,104.887,50.730,100.023,-0.264,0.056,0.329,11.202,0.000,HOVER
1776376100.182,104.889,50.721,100.020,-0.263,0.056,0.316,11.199,0.000,HOVER
1776376100.613,104.892,50.713,100.028,-0.263,0.056,0.357,11.197,0.000,HOVER
1776376101.047,104.895,50.706,100.029,-0.262,0.055,0.300,11.194,0.000,HOVER
1776376101.477,104.898,50.700,100.026,-0.262,0.055,0.300,11.191,0.000,HOVER
1776376101.910,104.900,50.695,100.019,-0.261,0.055,0.300,11.189,0.000,HOVER
1776376102.377,104.902,50.691,100.039,-0.261,0.055,0.397,11.186,0.000,HOVER
1776376102.813,104.904,50.688,100.052,-0.261,0.055,0.300,11.184,0.000,HOVER
1776376103.248,104.905,50.685,100.024,-0.261,0.055,0.300,11.181,0.000,HOVER
1776376103.680,104.906,50.683,100.021,-0.261,0.055,0.300,11.178,0.000,HOVER
1776376104.113,104.907,50.682,100.021,-0.261,0.055,0.326,11.176,0.000,HOVER
1776376104.548,104.908,50.681,100.021,-0.261,0.055,0.326,11.173,0.000,HOVER
1776376104.983,104.908,50.680,100.021,-0.260,0.055,0.326,11.171,0.000,HOVER
1776376105.418,104.909,50.679,100.021,-0.260,0.055,0.326,11.168,0.000,HOVER
1776376105.852,104.909,50.678,100.021,-0.260,0.055,0.325,11.165,0.000,HOVER
1776376106.287,104.909,50.678,100.021,-0.260,0.055,0.328,11.163,0.000,HOVER
1776376106.726,104.909,50.677,100.019,-0.260,0.054,0.317,11.160,0.000,HOVER
1776376107.161,104.910,50.677,100.027,-0.260,0.054,0.352,11.158,0.000,HOVER
1776376107.596,104.910,50.677,100.026,-0.260,0.054,0.300,11.155,0.000,HOVER
1776376108.030,104.910,50.677,100.020,-0.260,0.054,0.300,11.152,0.000,HOVER
1776376108.464,104.910,50.677,100.030,-0.260,0.054,0.362,11.150,0.000,HOVER
1776376108.895,104.983,50.619,100.032,-0.029,-0.238,0.300,11.147,0.000,FLYING
1776376109.328,105.008,50.600,100.034,-0.031,-0.236,0.300,11.145,0.000,FLYING
1776376109.761,105.010,50.598,100.035,-0.032,-0.235,0.300,11.142,0.000,HOVER
1776376110.196,105.002,50.604,100.036,-0.033,-0.234,0.300,11.139,0.000,HOVER
1776376110.632,104.989,50.614,100.035,-0.034,-0.233,0.300,11.137,0.000,HOVER
1776376111.064,104.977,50.624,100.033,-0.034,-0.232,0.300,11.134,0.000,HOVER
1776376111.499,104.965,50.633,100.028,-0.035,-0.231,0.300,11.132,0.000,HOVER
1776376111.934,104.954,50.641,100.030,-0.036,-0.230,0.340,11.129,0.000,HOVER
1776376112.368,104.945,50.648,100.024,-0.036,-0.230,0.300,11.126,0.000,HOVER
1776376112.803,104.938,50.654,100.033,-0.036,-0.229,0.360,11.124,0.000,HOVER
1776376113.236,104.932,50.659,100.034,-0.037,-0.229,0.300,11.121,0.000,HOVER
1776376113.669,104.928,50.662,100.034,-0.037,-0.229,0.300,11.119,0.000,HOVER
1776376114.103,104.924,50.665,100.032,-0.037,-0.228,0.300,11.116,0.000,HOVER
1776376114.537,104.921,50.668,100.026,-0.037,-0.228,0.300,11.113,0.000,HOVER
1776376114.971,104.918,50.670,100.031,-0.037,-0.228,0.346,11.111,0.000,HOVER
1776376115.405,104.917,50.671,100.027,-0.038,-0.228,0.300,11.108,0.000,HOVER
1776376115.838,104.915,50.672,100.025,-0.038,-0.228,0.325,11.106,0.000,HOVER
1776376116.268,104.914,50.673,100.025,-0.038,-0.228,0.328,11.103,0.000,HOVER
1776376116.700,104.913,50.674,100.022,-0.038,-0.228,0.318,11.100,0.000,HOVER
1776376117.136,104.912,50.674,100.028,-0.038,-0.228,0.349,11.098,0.000,HOVER
1776376117.569,104.912,50.675,100.026,-0.038,-0.228,0.300,11.095,0.000,HOVER
1776376118.003,104.912,50.675,100.019,-0.038,-0.227,0.303,11.093,0.000,HOVER
1776376118.439,104.911,50.675,100.038,-0.038,-0.227,0.395,11.090,0.000,HOVER
1776376118.874,104.911,50.675,100.051,-0.038,-0.227,0.300,11.087,0.000,HOVER
1776376119.308,104.911,50.676,100.028,-0.038,-0.227,0.300,11.085,0.000,HOVER
1776376119.743,104.918,50.726,100.029,-0.272,-0.261,0.300,11.082,0.000,FLYING
1776376120.177,104.921,50.753,100.029,-0.277,-0.261,0.300,11.080,0.000,FLYING
1776376120.609,104.922,50.759,100.027,-0.276,-0.261,0.300,11.077,0.000,HOVER
1776376121.043,104.921,50.753,100.019,-0.275,-0.261,0.302,11.074,0.000,HOVER
1776376121.476,105.473,50.744,100.039,-0.274,-0.252,0.397,11.072,0.000,FLYING
1776376121.911,105.811,50.733,100.053,-0.273,-0.270,0.300,11.069,0.000,FLYING
1776376122.344,105.974,50.723,100.025,-0.272,-0.274,0.300,11.067,0.000,FLYING
1776376122.777,106.042,50.714,100.022,-0.272,-0.274,0.300,11.064,0.000,FLYING
1776376123.211,106.061,50.707,100.018,-0.271,-0.273,0.312,11.061,0.000,HOVER
1776376123.641,106.056,50.701,100.030,-0.271,-0.271,0.368,11.059,0.000,HOVER
1776376124.076,106.040,50.696,100.034,-0.270,-0.270,0.300,11.056,0.000,HOVER
1776376124.511,106.021,50.691,100.041,-0.270,-0.268,0.300,11.054,0.000,HOVER
1776376124.947,106.002,50.688,100.052,-0.270,-0.267,0.300,11.051,0.000,HOVER
1776376125.381,105.985,50.686,100.040,-0.270,-0.265,0.300,11.048,0.000,HOVER
1776376125.813,105.970,50.684,100.051,-0.270,-0.264,0.300,11.046,0.000,HOVER
1776376126.244,105.958,50.682,100.043,-0.269,-0.263,0.300,11.043,0.000,HOVER
1776376126.681,105.948,50.681,100.055,-0.269,-0.263,0.300,11.041,0.000,HOVER
1776376127.114,105.940,50.680,100.027,-0.269,-0.262,0.300,11.038,0.000,HOVER
1776376127.549,105.934,50.679,100.025,-0.269,-0.262,0.300,11.035,0.000,HOVER
1776376127.982,105.929,50.678,100.019,-0.269,-0.262,0.305,11.033,0.000,HOVER
1776376128.412,105.925,50.678,100.036,-0.269,-0.261,0.389,11.030,0.000,HOVER
1776376128.845,105.921,50.677,100.047,-0.269,-0.261,0.300,11.028,0.000,HOVER
1776376129.276,105.919,50.677,100.040,-0.269,-0.261,0.300,11.025,0.000,HOVER
1776376129.710,105.917,50.677,100.054,-0.269,-0.261,0.300,11.022,0.000,HOVER
1776376130.143,105.915,50.677,100.022,-0.269,-0.261,0.300,11.020,0.000,HOVER
1776376130.577,105.915,50.585,100.016,0.408,-0.266,0.300,11.017,0.000,FLYING
1776376131.011,105.915,50.498,100.033,0.312,-0.265,0.386,11.015,0.000,FLYING
1776376131.439,105.914,50.475,100.044,0.311,-0.265,0.300,11.012,0.000,HOVER
1776376131.874,105.914,50.484,100.046,0.309,-0.265,0.300,11.009,0.000,HOVER
1776376132.307,105.913,50.505,100.041,0.306,-0.265,0.300,11.007,0.000,HOVER
1776376132.738,105.912,50.530,100.057,0.304,-0.265,0.300,11.004,0.000,HOVER
1776376133.173,105.912,50.555,100.010,0.302,-0.265,0.300,11.002,0.000,HOVER
1776376133.607,105.912,50.578,100.031,0.300,-0.265,0.397,10.999,0.000,HOVER
1776376134.041,105.911,50.597,100.047,0.299,-0.265,0.300,10.996,0.000,HOVER
1776376134.477,105.911,50.613,100.019,0.298,-0.265,0.300,10.994,0.000,HOVER
1776376134.911,105.911,50.626,100.016,0.297,-0.265,0.300,10.991,0.000,HOVER
1776376135.342,105.911,50.637,100.018,0.296,-0.265,0.331,10.989,0.000,HOVER
1776376135.776,105.911,50.645,100.015,0.296,-0.265,0.310,10.986,0.000,HOVER
1776376136.211,105.910,50.652,100.029,0.295,-0.265,0.374,10.983,0.000,HOVER
1776376136.644,105.910,50.657,100.036,0.295,-0.265,0.300,10.981,0.000,HOVER
1776376137.079,105.910,50.661,100.047,0.295,-0.265,0.300,10.978,0.000,HOVER
1776376137.512,105.910,50.665,100.042,0.294,-0.265,0.300,10.976,0.000,HOVER
1776376137.944,105.910,50.667,100.058,0.294,-0.265,0.300,10.973,0.000,HOVER
1776376138.379,105.910,50.669,100.010,0.294,-0.265,0.300,10.970,0.000,HOVER
1776376138.814,105.910,50.671,100.033,0.294,-0.265,0.404,10.968,0.000,HOVER
1776376139.244,105.910,50.672,100.050,0.294,-0.265,0.300,10.965,0.000,HOVER
1776376139.676,105.910,50.673,100.005,0.294,-0.265,0.300,10.963,0.000,HOVER
1776376140.112,105.910,50.674,100.028,0.294,-0.265,0.401,10.960,0.000,HOVER
1776376140.547,105.910,50.674,100.045,0.294,-0.265,0.300,10.957,0.000,HOVER
1776376140.982,105.910,50.675,100.008,0.294,-0.265,0.300,10.955,0.000,HOVER
1776376141.415,105.878,50.703,100.013,0.294,-0.265,0.335,10.952,0.000,HOVER
1776376141.850,105.817,50.759,100.008,-0.002,0.066,0.300,10.950,0.000,FLYING
1776376142.287,105.797,50.777,100.029,-0.001,0.066,0.394,10.947,0.000,HOVER
1776376142.722,105.798,50.776,100.043,-0.000,0.065,0.300,10.944,0.000,HOVER
1776376143.156,105.809,50.766,100.024,0.001,0.063,0.300,10.942,0.000,HOVER
1776376143.590,105.823,50.753,100.029,0.002,0.062,0.300,10.939,0.000,HOVER
1776376144.022,105.838,50.741,100.035,0.003,0.061,0.300,10.937,0.000,HOVER
1776376144.456,105.851,50.729,100.045,0.004,0.060,0.300,10.934,0.000,HOVER
1776376144.890,105.862,50.719,100.052,0.004,0.059,0.300,10.931,0.000,HOVER
1776376145.324,105.872,50.710,100.030,0.005,0.059,0.300,10.929,0.000,HOVER
1776376145.757,105.880,50.703,100.033,0.005,0.058,0.300,10.926,0.000,HOVER
1776376146.192,105.886,50.697,100.036,0.006,0.058,0.300,10.924,0.000,HOVER
1776376146.626,105.891,50.693,100.039,0.006,0.057,0.300,10.921,0.000,HOVER
1776376147.059,105.895,50.689,100.046,0.006,0.057,0.300,10.918,0.000,HOVER
1776376147.492,105.898,50.686,100.057,0.006,0.057,0.300,10.916,0.000,HOVER
1776376147.926,105.901,50.684,100.033,0.007,0.057,0.300,10.913,0.000,HOVER
1776376148.359,105.903,50.682,100.033,0.007,0.057,0.300,10.911,0.000,HOVER
1776376148.792,105.905,50.681,100.032,0.007,0.057,0.300,10.908,0.000,HOVER
1776376149.226,105.906,50.680,100.027,0.007,0.057,0.300,10.905,0.000,HOVER
1776376149.659,105.907,50.679,100.026,0.007,0.057,0.326,10.903,0.000,HOVER
1776376150.096,105.907,50.679,100.025,0.007,0.056,0.325,10.900,0.000,HOVER
1776376150.529,105.908,50.678,100.025,0.007,0.056,0.328,10.898,0.000,HOVER
1776376150.962,105.908,50.678,100.022,0.007,0.056,0.318,10.895,0.000,HOVER
1776376151.396,105.909,50.677,100.028,0.007,0.056,0.349,10.892,0.000,HOVER
1776376151.830,105.909,50.677,100.026,0.007,0.056,0.300,10.890,0.000,HOVER
1776376152.265,105.909,50.677,100.018,0.007,0.056,0.301,10.887,0.000,HOVER
1776376152.700,105.972,50.723,100.039,-0.179,-0.195,0.402,10.885,0.000,FLYING
1776376153.135,105.993,50.739,100.055,-0.178,-0.193,0.300,10.882,0.000,HOVER
1776376153.568,105.995,50.740,100.012,-0.178,-0.193,0.300,10.879,0.000,HOVER
1776376154.004,105.989,50.735,100.026,-0.177,-0.192,0.369,10.877,0.000,HOVER
1776376154.439,105.978,50.727,100.031,-0.176,-0.191,0.300,10.874,0.000,HOVER
1776376154.873,105.967,50.719,100.038,-0.176,-0.190,0.300,10.872,0.000,HOVER
1776376155.308,105.957,50.711,100.051,-0.175,-0.189,0.300,10.869,0.000,HOVER
1776376155.742,105.948,50.705,100.031,-0.175,-0.188,0.300,10.866,0.000,HOVER
1776376156.176,105.940,50.699,100.034,-0.174,-0.188,0.300,10.864,0.000,HOVER
1776376156.609,105.934,50.694,100.039,-0.174,-0.187,0.300,10.861,0.000,HOVER
1776376157.042,105.929,50.690,100.046,-0.174,-0.187,0.300,10.859,0.000,HOVER
1776376157.475,105.925,50.687,100.061,-0.173,-0.187,0.300,10.856,0.000,HOVER
1776376157.909,105.922,50.685,100.014,-0.173,-0.187,0.300,10.853,0.000,HOVER
1776376158.344,105.919,50.683,100.035,-0.173,-0.187,0.398,10.851,0.000,HOVER
1776376158.777,105.917,50.682,100.049,-0.173,-0.186,0.300,10.848,0.000,HOVER
1776376159.210,105.916,50.680,100.020,-0.173,-0.186,0.300,10.846,0.000,HOVER
1776376159.643,105.914,50.679,100.016,-0.173,-0.186,0.300,10.843,0.000,HOVER
1776376160.076,105.914,50.679,100.023,-0.173,-0.186,0.350,10.840,0.000,HOVER
1776376160.512,105.913,50.678,100.022,-0.173,-0.186,0.300,10.838,0.000,HOVER
1776376160.946,105.912,50.678,100.016,-0.173,-0.186,0.300,10.835,0.000,HOVER
1776376161.378,105.912,50.677,100.035,-0.173,-0.186,0.395,10.833,0.000,HOVER
1776376161.812,105.911,50.677,100.049,-0.173,-0.186,0.300,10.830,0.000,HOVER
1776376162.244,105.911,50.677,100.027,-0.173,-0.186,0.300,10.827,0.000,HOVER
1776376162.680,105.911,50.677,100.029,-0.173,-0.186,0.300,10.825,0.000,HOVER
1776376163.116,105.911,50.677,100.030,-0.173,-0.186,0.300,10.822,0.000,HOVER
1776376163.552,105.907,50.591,100.029,0.224,-0.171,0.300,10.820,0.000,FLYING
1776376163.989,105.905,50.545,100.024,0.234,-0.170,0.300,10.817,0.000,FLYING
1776376164.421,105.905,50.536,100.026,0.232,-0.170,0.334,10.814,0.000,HOVER
1776376164.855,105.905,50.545,100.018,0.231,-0.171,0.300,10.812,0.000,HOVER
1776376165.290,105.906,50.561,100.039,0.229,-0.171,0.401,10.809,0.000,HOVER
1776376165.723,105.906,50.579,100.055,0.228,-0.171,0.300,10.807,0.000,HOVER
1776376166.159,105.907,50.596,100.014,0.226,-0.171,0.300,10.804,0.000,HOVER
1776376166.594,105.908,50.611,100.023,0.225,-0.171,0.352,10.801,0.000,HOVER
1776376167.027,105.908,50.624,100.022,0.224,-0.171,0.300,10.799,0.000,HOVER
1776376167.462,105.909,50.635,100.017,0.224,-0.171,0.300,10.796,0.000,HOVER
1776376167.894,105.909,50.643,100.029,0.223,-0.171,0.368,10.794,0.000,HOVER
1776376168.324,105.909,50.650,100.034,0.223,-0.171,0.300,10.791,0.000,HOVER
1776376168.757,105.909,50.656,100.040,0.222,-0.171,0.300,10.788,0.000,HOVER
1776376169.190,105.909,50.660,100.052,0.222,-0.171,0.300,10.786,0.000,HOVER
1776376169.625,105.910,50.664,100.038,0.222,-0.171,0.300,10.783,0.000,HOVER
1776376170.058,105.910,50.666,100.047,0.222,-0.171,0.300,10.781,0.000,HOVER
1776376170.493,105.910,50.669,100.056,0.221,-0.171,0.300,10.778,0.000,HOVER
1776376170.926,105.910,50.670,100.026,0.221,-0.171,0.300,10.775,0.000,HOVER
1776376171.359,105.910,50.672,100.023,0.221,-0.171,0.300,10.773,0.000,HOVER
1776376171.792,105.910,50.673,100.022,0.221,-0.171,0.321,10.770,0.000,HOVER
1776376172.226,105.910,50.673,100.025,0.221,-0.171,0.339,10.768,0.000,HOVER
1776376172.661,105.910,50.674,100.020,0.221,-0.171,0.300,10.765,0.000,HOVER
1776376173.094,105.910,50.674,100.031,0.221,-0.171,0.367,10.762,0.000,HOVER
1776376173.529,105.910,50.675,100.035,0.221,-0.171,0.300,10.760,0.000,HOVER
1776376173.965,105.910,50.675,100.040,0.221,-0.171,0.300,10.757,0.000,HOVER
1776376174.397,105.870,50.734,100.050,-0.214,0.131,0.300,10.755,0.000,FLYING
1776376174.832,105.831,50.789,100.050,-0.149,0.086,0.300,10.752,0.000,FLYING
1776376175.267,105.821,50.804,100.046,-0.148,0.085,0.300,10.749,0.000,HOVER
1776376175.700,105.825,50.799,100.057,-0.147,0.084,0.300,10.747,0.000,HOVER
1776376176.133,105.834,50.785,100.024,-0.146,0.083,0.300,10.744,0.000,HOVER
1776376176.565,105.846,50.769,100.017,-0.144,0.082,0.300,10.742,0.000,HOVER
1776376176.999,105.857,50.753,100.034,-0.143,0.081,0.384,10.739,0.000,HOVER
1776376177.432,105.867,50.739,100.044,-0.142,0.080,0.300,10.736,0.000,HOVER
1776376177.868,105.875,50.727,100.050,-0.141,0.080,0.300,10.734,0.000,HOVER
1776376178.303,105.882,50.716,100.031,-0.140,0.079,0.300,10.731,0.000,HOVER
1776376178.737,105.888,50.708,100.035,-0.140,0.079,0.300,10.729,0.000,HOVER
1776376179.169,105.893,50.701,100.041,-0.140,0.079,0.300,10.726,0.000,HOVER
1776376179.603,105.896,50.696,100.052,-0.139,0.078,0.300,10.723,0.000,HOVER
1776376180.036,105.899,50.692,100.042,-0.139,0.078,0.300,10.721,0.000,HOVER
1776376180.465,105.902,50.688,100.053,-0.139,0.078,0.300,10.718,0.000,HOVER
1776376180.899,105.903,50.686,100.036,-0.139,0.078,0.300,10.716,0.000,HOVER
1776376181.332,105.905,50.684,100.042,-0.138,0.078,0.300,10.713,0.000,HOVER
1776376181.766,105.906,50.682,100.052,-0.138,0.078,0.300,10.710,0.000,HOVER
1776376182.199,105.907,50.681,100.043,-0.138,0.078,0.300,10.708,0.000,HOVER
1776376182.634,105.908,50.680,100.055,-0.138,0.078,0.300,10.705,0.000,HOVER
1776376183.071,105.908,50.679,100.032,-0.138,0.078,0.300,10.703,0.000,HOVER
1776376183.506,105.909,50.678,100.033,-0.138,0.078,0.300,10.700,0.000,HOVER
1776376183.938,105.909,50.678,100.034,-0.138,0.078,0.300,10.697,0.000,HOVER
1776376184.373,105.909,50.677,100.034,-0.138,0.078,0.300,10.695,0.000,HOVER
1776376184.808,105.909,50.677,100.032,-0.138,0.078,0.300,10.692,0.000,HOVER
1776376185.241,105.907,50.690,100.026,-0.138,0.078,0.300,10.690,0.000,HOVER
1776376185.674,105.903,50.716,100.032,-0.277,0.102,0.351,10.687,0.000,HOVER
1776376186.110,105.901,50.724,100.030,-0.277,0.102,0.300,10.684,0.000,HOVER
1776376186.541,105.902,50.724,100.023,-0.276,0.102,0.300,10.682,0.000,HOVER
1776376186.978,105.902,50.719,100.036,-0.276,0.102,0.375,10.679,0.000,HOVER
1776376187.413,105.903,50.713,100.042,-0.275,0.102,0.300,10.677,0.000,HOVER
1776376187.846,105.905,50.707,100.052,-0.275,0.102,0.300,10.674,0.000,HOVER
1776376188.280,105.906,50.701,100.043,-0.274,0.102,0.300,10.671,0.000,HOVER
1776376188.714,105.906,50.696,100.055,-0.274,0.102,0.300,10.669,0.000,HOVER
1776376189.148,105.907,50.692,100.032,-0.274,0.102,0.300,10.666,0.000,HOVER
1776376189.588,105.908,50.689,100.034,-0.274,0.101,0.300,10.664,0.000,HOVER
1776376190.024,105.908,50.686,100.036,-0.273,0.101,0.300,10.661,0.000,HOVER
1776376190.459,105.909,50.684,100.038,-0.273,0.101,0.300,10.658,0.000,HOVER
1776376190.892,105.909,50.682,100.040,-0.273,0.101,0.300,10.656,0.000,HOVER
1776376191.323,105.909,50.681,100.044,-0.273,0.101,0.300,10.653,0.000,HOVER
1776376191.756,105.909,50.680,100.051,-0.273,0.101,0.300,10.651,0.000,HOVER
1776376192.192,105.910,50.679,100.064,-0.273,0.101,0.300,10.648,0.000,HOVER
1776376192.627,105.910,50.679,100.018,-0.273,0.101,0.300,10.645,0.000,HOVER
1776376193.062,105.910,50.678,100.034,-0.273,0.101,0.383,10.643,0.000,HOVER
1776376193.496,105.910,50.678,100.043,-0.273,0.101,0.300,10.640,0.000,HOVER
1776376193.932,105.910,50.677,100.054,-0.273,0.101,0.300,10.638,0.000,HOVER
1776376194.367,105.910,50.677,100.021,-0.273,0.101,0.300,10.635,0.000,HOVER
1776376194.800,105.910,50.677,100.015,-0.273,0.101,0.300,10.632,0.000,HOVER
1776376195.230,105.910,50.677,100.033,-0.273,0.101,0.389,10.630,0.000,HOVER
1776376195.666,105.910,50.677,100.045,-0.273,0.101,0.300,10.627,0.000,HOVER
1776376196.100,105.910,50.677,100.040,-0.273,0.101,0.300,10.625,0.000,HOVER
1776376196.530,106.014,50.636,100.056,-0.110,-0.314,0.300,10.622,0.000,FLYING
1776376196.966,106.049,50.622,100.011,-0.111,-0.312,0.300,10.619,0.000,FLYING
1776376197.401,106.052,50.621,100.029,-0.112,-0.311,0.387,10.617,0.000,HOVER
1776376197.836,106.040,50.625,100.041,-0.112,-0.309,0.300,10.614,0.000,HOVER
1776376198.273,106.023,50.632,100.042,-0.113,-0.307,0.300,10.612,0.000,HOVER
1776376198.707,106.005,50.639,100.042,-0.113,-0.306,0.300,10.609,0.000,HOVER
1776376199.142,105.988,50.646,100.044,-0.114,-0.305,0.300,10.606,0.000,HOVER
1776376199.574,105.973,50.652,100.042,-0.114,-0.303,0.300,10.604,0.000,HOVER
1776376200.008,105.960,50.657,100.051,-0.115,-0.303,0.300,10.601,0.000,HOVER
1776376200.443,105.950,50.661,100.023,-0.115,-0.302,0.300,10.599,0.000,HOVER
1776376200.879,105.942,50.664,100.021,-0.115,-0.301,0.300,10.596,0.000,HOVER
1776376201.309,105.935,50.666,100.018,-0.115,-0.301,0.316,10.593,0.000,HOVER
1776376201.742,105.930,50.669,100.027,-0.115,-0.301,0.356,10.591,0.000,HOVER
1776376202.175,105.925,50.670,100.027,-0.116,-0.300,0.300,10.588,0.000,HOVER
1776376202.608,105.922,50.671,100.025,-0.116,-0.300,0.300,10.586,0.000,HOVER
1776376203.041,105.919,50.673,100.018,-0.116,-0.300,0.303,10.583,0.000,HOVER
1776376203.475,105.917,50.673,100.038,-0.116,-0.300,0.395,10.580,0.000,HOVER
1776376203.910,105.916,50.674,100.051,-0.116,-0.300,0.300,10.578,0.000,HOVER
1776376204.345,105.914,50.674,100.027,-0.116,-0.300,0.300,10.575,0.000,HOVER
1776376204.780,105.914,50.675,100.028,-0.116,-0.300,0.300,10.573,0.000,HOVER
1776376205.214,105.913,50.675,100.027,-0.116,-0.299,0.300,10.570,0.000,HOVER
1776376205.649,105.912,50.675,100.022,-0.116,-0.299,0.300,10.567,0.000,HOVER
1776376206.082,105.912,50.676,100.028,-0.116,-0.299,0.348,10.565,0.000,HOVER
1776376206.630,105.911,50.676,100.025,-0.116,-0.299,0.300,10.562,0.000,HOVER
1776376207.060,105.911,50.676,100.021,-0.116,-0.299,0.312,10.560,0.000,HOVER
1776376207.491,105.881,50.704,100.032,-0.247,-0.158,0.368,10.557,0.000,HOVER
1776376207.925,105.864,50.719,100.036,-0.250,-0.155,0.300,10.554,0.000,HOVER
1776376208.357,105.860,50.722,100.042,-0.249,-0.155,0.300,10.552,0.000,HOVER
1776376208.792,105.863,50.719,100.052,-0.249,-0.156,0.300,10.549,0.000,HOVER
1776376209.227,105.869,50.714,100.045,-0.248,-0.156,0.300,10.547,0.000,HOVER
1776376209.658,105.875,50.708,100.058,-0.248,-0.157,0.300,10.544,0.000,HOVER
1776376210.089,105.882,50.703,100.021,-0.247,-0.157,0.300,10.541,0.000,HOVER
1776376210.524,105.887,50.698,100.020,-0.247,-0.157,0.319,10.539,0.000,HOVER
1776376210.958,105.891,50.693,100.025,-0.247,-0.158,0.345,10.536,0.000,HOVER
1776376211.392,105.895,50.690,100.022,-0.246,-0.158,0.300,10.534,0.000,HOVER
1776376211.826,105.898,50.687,100.023,-0.246,-0.158,0.330,10.531,0.000,HOVER
1776376212.261,105.901,50.685,100.019,-0.246,-0.158,0.311,10.528,0.000,HOVER
1776376212.696,105.903,50.683,100.031,-0.246,-0.158,0.370,10.526,0.000,HOVER
1776376213.130,105.904,50.681,100.036,-0.246,-0.159,0.300,10.523,0.000,HOVER
1776376213.564,105.906,50.680,100.043,-0.246,-0.159,0.300,10.521,0.000,HOVER
1776376213.997,105.907,50.679,100.057,-0.246,-0.159,0.300,10.518,0.000,HOVER
1776376214.434,105.907,50.679,100.020,-0.246,-0.159,0.300,10.515,0.000,HOVER
1776376214.869,105.908,50.678,100.019,-0.246,-0.159,0.321,10.513,0.000,HOVER
1776376215.302,105.908,50.678,100.023,-0.245,-0.159,0.340,10.510,0.000,HOVER
1776376215.734,105.909,50.677,100.018,-0.245,-0.159,0.300,10.508,0.000,HOVER
1776376216.166,105.909,50.677,100.029,-0.245,-0.159,0.365,10.505,0.000,HOVER
1776376216.601,105.909,50.677,100.033,-0.245,-0.159,0.300,10.502,0.000,HOVER
1776376217.037,105.909,50.677,100.037,-0.245,-0.159,0.300,10.500,0.000,HOVER
1776376217.472,105.910,50.677,100.043,-0.245,-0.159,0.300,10.497,0.000,HOVER
1776376217.906,105.910,50.677,100.054,-0.245,-0.159,0.300,10.495,0.000,HOVER
1776376218.339,105.924,50.667,100.040,-0.177,-0.266,0.300,10.492,0.000,HOVER
1776376218.772,105.938,50.658,100.048,-0.186,-0.252,0.300,10.489,0.000,HOVER
1776376219.207,105.942,50.656,100.055,-0.186,-0.251,0.300,10.487,0.000,HOVER
1776376219.642,105.941,50.657,100.033,-0.187,-0.251,0.300,10.484,0.000,HOVER
1776376220.079,105.937,50.659,100.036,-0.187,-0.251,0.300,10.482,0.000,HOVER
1776376220.513,105.933,50.661,100.039,-0.187,-0.250,0.300,10.479,0.000,HOVER
1776376220.947,105.929,50.664,100.044,-0.187,-0.250,0.300,10.476,0.000,HOVER
1776376221.381,105.926,50.666,100.054,-0.188,-0.250,0.300,10.474,0.000,HOVER
1776376221.813,105.923,50.668,100.047,-0.188,-0.250,0.300,10.471,0.000,HOVER
1776376222.245,105.920,50.670,100.060,-0.188,-0.249,0.300,10.469,0.000,HOVER
1776376222.678,105.918,50.671,100.020,-0.188,-0.249,0.300,10.466,0.000,HOVER
1776376223.112,105.916,50.672,100.026,-0.188,-0.249,0.347,10.463,0.000,HOVER
1776376223.548,105.915,50.673,100.023,-0.188,-0.249,0.300,10.461,0.000,HOVER
1776376223.983,105.914,50.674,100.020,-0.188,-0.249,0.314,10.458,0.000,HOVER
1776376224.417,105.913,50.674,100.029,-0.188,-0.249,0.360,10.456,0.000,HOVER
1776376224.851,105.912,50.675,100.031,-0.188,-0.249,0.300,10.453,0.000,HOVER
1776376225.284,105.912,50.675,100.031,-0.188,-0.249,0.300,10.450,0.000,HOVER
1776376225.718,105.912,50.675,100.029,-0.188,-0.249,0.300,10.448,0.000,HOVER
1776376226.153,105.911,50.675,100.023,-0.188,-0.249,0.300,10.445,0.000,HOVER
1776376226.586,105.911,50.676,100.034,-0.188,-0.249,0.368,10.443,0.000,HOVER
1776376227.019,105.911,50.676,100.038,-0.188,-0.249,0.300,10.440,0.000,HOVER
1776376227.453,105.911,50.676,100.043,-0.188,-0.249,0.300,10.437,0.000,HOVER
1776376227.888,105.910,50.676,100.054,-0.188,-0.249,0.300,10.435,0.000,HOVER
1776376228.323,105.910,50.676,100.040,-0.188,-0.249,0.300,10.432,0.000,HOVER
1776376228.754,105.910,50.676,100.048,-0.188,-0.249,0.300,10.430,0.000,HOVER
1776376229.187,105.860,50.681,100.057,-0.188,-0.249,0.300,10.427,0.000,HOVER
1776376229.621,105.761,50.691,100.027,-0.242,0.281,0.300,10.424,0.000,FLYING
1776376230.055,105.729,50.694,100.022,-0.242,0.280,0.300,10.422,0.000,FLYING
1776376230.489,105.731,50.694,100.026,-0.241,0.278,0.341,10.419,0.000,HOVER
1776376230.925,105.749,50.692,100.021,-0.241,0.276,0.300,10.417,0.000,HOVER
1776376231.358,105.771,50.690,100.030,-0.241,0.273,0.358,10.414,0.000,HOVER
1776376231.792,105.795,50.688,100.030,-0.241,0.272,0.300,10.411,0.000,HOVER
1776376232.226,105.816,50.686,100.029,-0.241,0.270,0.300,10.409,0.000,HOVER
1776376232.662,105.834,50.684,100.023,-0.241,0.269,0.300,10.406,0.000,HOVER
1776376233.099,105.849,50.682,100.030,-0.240,0.268,0.352,10.404,0.000,HOVER
1776376233.534,105.862,50.681,100.029,-0.240,0.267,0.300,10.401,0.000,HOVER
1776376233.968,105.872,50.680,100.023,-0.240,0.266,0.300,10.398,0.000,HOVER
1776376234.402,105.880,50.679,100.031,-0.240,0.266,0.358,10.396,0.000,HOVER
1776376234.836,105.887,50.679,100.032,-0.240,0.265,0.300,10.393,0.000,HOVER
1776376235.269,105.892,50.678,100.030,-0.240,0.265,0.300,10.391,0.000,HOVER
1776376235.703,105.896,50.678,100.024,-0.240,0.265,0.300,10.388,0.000,HOVER
1776376236.138,105.899,50.677,100.031,-0.240,0.265,0.354,10.385,0.000,HOVER
1776376236.574,105.901,50.677,100.030,-0.240,0.264,0.300,10.383,0.000,HOVER
1776376237.010,105.903,50.677,100.026,-0.240,0.264,0.300,10.380,0.000,HOVER
1776376237.442,105.905,50.677,100.027,-0.240,0.264,0.332,10.378,0.000,HOVER
1776376237.878,105.906,50.677,100.020,-0.240,0.264,0.305,10.375,0.000,HOVER
1776376238.314,105.907,50.677,100.038,-0.240,0.264,0.391,10.372,0.000,HOVER
1776376238.746,105.908,50.676,100.049,-0.240,0.264,0.300,10.370,0.000,HOVER
1776376239.178,105.908,50.676,100.039,-0.240,0.264,0.300,10.367,0.000,HOVER
1776376239.610,105.909,50.676,100.050,-0.240,0.264,0.300,10.365,0.000,HOVER
1776376240.043,105.909,50.676,100.039,-0.240,0.264,0.300,10.362,0.000,HOVER
1776376240.476,105.944,50.574,100.050,0.171,0.123,0.300,10.359,0.000,FLYING
1776376240.912,105.956,50.539,100.042,0.168,0.124,0.300,10.357,0.000,FLYING
1776376241.346,105.958,50.536,100.056,0.167,0.124,0.300,10.354,0.000,HOVER
1776376241.779,105.954,50.548,100.022,0.165,0.125,0.300,10.352,0.000,HOVER
1776376242.212,105.948,50.565,100.015,0.164,0.125,0.300,10.349,0.000,HOVER
1776376242.646,105.942,50.583,100.037,0.162,0.126,0.402,10.346,0.000,HOVER
1776376243.078,105.936,50.599,100.053,0.161,0.126,0.300,10.344,0.000,HOVER
1776376243.513,105.931,50.614,100.012,0.160,0.127,0.300,10.341,0.000,HOVER
1776376243.947,105.927,50.626,100.022,0.159,0.127,0.356,10.339,0.000,HOVER
1776376244.400,105.924,50.637,100.023,0.158,0.127,0.300,10.336,0.000,HOVER
1776376244.841,105.921,50.645,100.021,0.158,0.127,0.300,10.333,0.000,HOVER
1776376245.274,105.918,50.652,100.016,0.157,0.127,0.309,10.331,0.000,HOVER
1776376245.709,105.917,50.657,100.031,0.157,0.127,0.378,10.328,0.000,HOVER
1776376246.144,105.915,50.661,100.039,0.157,0.128,0.300,10.326,0.000,HOVER
1776376246.579,105.914,50.664,100.053,0.157,0.128,0.300,10.323,0.000,HOVER
1776376247.012,105.913,50.667,100.025,0.156,0.128,0.300,10.320,0.000,HOVER
